{"positionDefinitions":[{"name":"3bfc2531","positions":[{"x":0.0,"y":0.0,"z":0.0}],"positionsFlipped":[]},{"name":"733ebbfa","positions":[{"x":0.0,"y":0.0,"z":12.0},{"x":0.0,"y":0.0,"z":-12.0},{"x":0.0,"y":0.0,"z":36.0},{"x":0.0,"y":0.0,"z":-36.0},{"x":0.0,"y":0.0,"z":60.0},{"x":0.0,"y":0.0,"z":-60.0},{"x":0.0,"y":0.0,"z":84.0},{"x":0.0,"y":0.0,"z":-84.0},{"x":0.0,"y":0.0,"z":108.0},{"x":0.0,"y":0.0,"z":-108.0},{"x":0.0,"y":0.0,"z":132.0},{"x":0.0,"y":0.0,"z":-132.0}],"positionsFlipped":[]},{"name":"c7c04138","positions":[],"positionsFlipped":[{"x":0.0,"y":0.0,"z":-10.0},{"x":0.0,"y":0.0,"z":14.0},{"x":0.0,"y":0.0,"z":-34.0},{"x":0.0,"y":0.0,"z":38.0},{"x":0.0,"y":0.0,"z":-58.0},{"x":0.0,"y":0.0,"z":62.0},{"x":0.0,"y":0.0,"z":-82.0},{"x":0.0,"y":0.0,"z":86.0},{"x":0.0,"y":0.0,"z":-106.0},{"x":0.0,"y":0.0,"z":110.0},{"x":0.0,"y":0.0,"z":134.0},{"x":0.0,"y":0.0,"z":-130.0}]},{"name":"56294251","positions":[{"x":0.0,"y":0.0,"z":0.0}],"positionsFlipped":[]},{"name":"50fef555","positions":[{"x":0.0,"y":0.0,"z":0.0}],"positionsFlipped":[]},{"name":"2c5c2c5a","positions":[{"x":0.0,"y":0.0,"z":0.0}],"positionsFlipped":[]},{"name":"2d4f22e5","positions":[{"x":0.0,"y":0.0,"z":0.0}],"positionsFlipped":[]},{"name":"c234b8e5","positions":[{"x":0.0,"y":0.0,"z":0.0}],"positionsFlipped":[]},{"name":"4ff37df6","positions":[{"x":0.0,"y":0.0,"z":0.0}],"positionsFlipped":[]},{"name":"6e2839af","positions":[{"x":0.0,"y":0.0,"z":0.0}],"positionsFlipped":[]},{"name":"ff58c24a","positions":[{"x":0.0,"y":0.0,"z":0.0}],"positionsFlipped":[]},{"name":"ae2f7f98","positions":[{"x":0.0,"y":0.0,"z":0.0}],"positionsFlipped":[]},{"name":"17ae62b7","positions":[{"x":0.0,"y":0.0,"z":0.0}],"positionsFlipped":[]},{"name":"39ea1124","positions":[{"x":0.0,"y":0.0,"z":0.0}],"positionsFlipped":[]},{"name":"459ba7a2","positions":[{"x":0.0,"y":0.0,"z":0.0}],"positionsFlipped":[]},{"name":"d5d35e17","positions":[],"positionsFlipped":[{"x":0.0,"y":0.0,"z":165.0}]},{"name":"f7146aca","positions":[],"positionsFlipped":[{"x":0.0,"y":0.0,"z":165.0}]},{"name":"7febd562","positions":[{"x":0.0,"y":0.0,"z":-151.0}],"positionsFlipped":[]},{"name":"f1cd849e","positions":[{"x":0.0,"y":0.0,"z":-151.0}],"positionsFlipped":[]},{"name":"49d107a1","positions":[],"positionsFlipped":[{"x":0.0,"y":0.0,"z":-151.0}]},{"name":"d3879569","positions":[],"positionsFlipped":[{"x":0.0,"y":0.0,"z":-151.0}]},{"name":"cd55effa","positions":[{"x":0.0,"y":0.0,"z":165.0}],"positionsFlipped":[]},{"name":"b7c6f69f","positions":[{"x":0.0,"y":0.0,"z":165.0}],"positionsFlipped":[]},{"name":"87ff9e8d","positions":[{"x":0.0,"y":0.0,"z":0.0}],"positionsFlipped":[]},{"name":"db07d700","positions":[{"x":0.0,"y":0.0,"z":14.0},{"x":0.0,"y":0.0,"z":-10.0},{"x":0.0,"y":0.0,"z":38.0},{"x":0.0,"y":0.0,"z":-34.0},{"x":0.0,"y":0.0,"z":62.0},{"x":0.0,"y":0.0,"z":-58.0},{"x":0.0,"y":0.0,"z":86.0},{"x":0.0,"y":0.0,"z":-82.0},{"x":0.0,"y":0.0,"z":110.0},{"x":0.0,"y":0.0,"z":-106.0},{"x":0.0,"y":0.0,"z":-130.0}],"positionsFlipped":[]},{"name":"47145afe","positions":[{"x":0.0,"y":0.0,"z":14.0},{"x":0.0,"y":0.0,"z":-10.0},{"x":0.0,"y":0.0,"z":38.0},{"x":0.0,"y":0.0,"z":-34.0},{"x":0.0,"y":0.0,"z":62.0},{"x":0.0,"y":0.0,"z":-58.0},{"x":0.0,"y":0.0,"z":86.0},{"x":0.0,"y":0.0,"z":-82.0},{"x":0.0,"y":0.0,"z":110.0},{"x":0.0,"y":0.0,"z":-106.0},{"x":0.0,"y":0.0,"z":-130.0}],"positionsFlipped":[]},{"name":"e3c5a0ab","positions":[{"x":0.0,"y":0.0,"z":14.0},{"x":0.0,"y":0.0,"z":-10.0},{"x":0.0,"y":0.0,"z":38.0},{"x":0.0,"y":0.0,"z":-34.0},{"x":0.0,"y":0.0,"z":62.0},{"x":0.0,"y":0.0,"z":-58.0},{"x":0.0,"y":0.0,"z":86.0},{"x":0.0,"y":0.0,"z":-82.0},{"x":0.0,"y":0.0,"z":110.0},{"x":0.0,"y":0.0,"z":-106.0},{"x":0.0,"y":0.0,"z":-130.0}],"positionsFlipped":[]},{"name":"c6c6316a","positions":[],"positionsFlipped":[{"x":0.0,"y":0.0,"z":12.0},{"x":0.0,"y":0.0,"z":-12.0},{"x":0.0,"y":0.0,"z":36.0},{"x":0.0,"y":0.0,"z":-36.0},{"x":0.0,"y":0.0,"z":60.0},{"x":0.0,"y":0.0,"z":-60.0},{"x":0.0,"y":0.0,"z":84.0},{"x":0.0,"y":0.0,"z":-84.0},{"x":0.0,"y":0.0,"z":108.0},{"x":0.0,"y":0.0,"z":-108.0},{"x":0.0,"y":0.0,"z":-132.0}]},{"name":"edfaa7e5","positions":[{"x":0.0,"y":0.0,"z":0.0}],"positionsFlipped":[]},{"name":"edf741e9","positions":[{"x":0.0,"y":0.0,"z":0.0}],"positionsFlipped":[]},{"name":"b680c7d4","positions":[{"x":0.0,"y":0.0,"z":0.0}],"positionsFlipped":[]},{"name":"c778fafb","positions":[{"x":0.0,"y":0.0,"z":0.0}],"positionsFlipped":[]},{"name":"1271e6c8","positions":[{"x":0.0,"y":0.0,"z":0.0}],"positionsFlipped":[]},{"name":"4a855e56","positions":[{"x":0.0,"y":0.0,"z":0.0}],"positionsFlipped":[]},{"name":"7707a759","positions":[],"positionsFlipped":[{"x":0.0,"y":0.0,"z":74.0}]},{"name":"cdab6543","positions":[],"positionsFlipped":[{"x":0.0,"y":0.0,"z":74.0}]},{"name":"9adf5a71","positions":[{"x":0.0,"y":0.0,"z":0.0}],"positionsFlipped":[]},{"name":"8c691372","positions":[{"x":0.0,"y":0.0,"z":0.0}],"positionsFlipped":[]},{"name":"25e0275d","positions":[{"x":0.0,"y":0.0,"z":0.0}],"positionsFlipped":[]},{"name":"8e072cb2","positions":[{"x":0.0,"y":0.0,"z":0.0}],"positionsFlipped":[]},{"name":"c5f96207","positions":[{"x":0.0,"y":0.0,"z":0.0}],"positionsFlipped":[]},{"name":"89b4bcef","positions":[{"x":0.0,"y":0.0,"z":0.0}],"positionsFlipped":[]},{"name":"88662d8b","positions":[{"x":0.0,"y":0.0,"z":0.0}],"positionsFlipped":[]},{"name":"f307edda","positions":[{"x":0.0,"y":0.0,"z":0.0}],"positionsFlipped":[]},{"name":"44240b32","positions":[{"x":0.0,"y":0.0,"z":0.0}],"positionsFlipped":[]},{"name":"6c758f8d","positions":[{"x":0.0,"y":0.0,"z":0.0},{"x":0.0,"y":0.0,"z":-316.0}],"positionsFlipped":[{"x":0.0,"y":0.0,"z":14.0},{"x":0.0,"y":0.0,"z":330.0}]}]}