{"positionDefinitions":[{"name":"3f5cc0fa","positions":[{"x":0.0,"y":0.0,"z":0.0}],"positionsFlipped":[]},{"name":"57d45cbb","positions":[{"x":0.0,"y":0.0,"z":12.0},{"x":0.0,"y":0.0,"z":-12.0},{"x":0.0,"y":0.0,"z":36.0},{"x":0.0,"y":0.0,"z":-36.0},{"x":0.0,"y":0.0,"z":60.0},{"x":0.0,"y":0.0,"z":-60.0},{"x":0.0,"y":0.0,"z":84.0},{"x":0.0,"y":0.0,"z":-84.0},{"x":0.0,"y":0.0,"z":108.0},{"x":0.0,"y":0.0,"z":-108.0},{"x":0.0,"y":0.0,"z":132.0},{"x":0.0,"y":0.0,"z":-132.0}],"positionsFlipped":[]},{"name":"2def66f6","positions":[],"positionsFlipped":[{"x":0.0,"y":0.0,"z":10.0},{"x":0.0,"y":0.0,"z":-14.0},{"x":0.0,"y":0.0,"z":34.0},{"x":0.0,"y":0.0,"z":-38.0},{"x":0.0,"y":0.0,"z":58.0},{"x":0.0,"y":0.0,"z":-62.0},{"x":0.0,"y":0.0,"z":82.0},{"x":0.0,"y":0.0,"z":-86.0},{"x":0.0,"y":0.0,"z":106.0},{"x":0.0,"y":0.0,"z":-110.0},{"x":0.0,"y":0.0,"z":130.0},{"x":0.0,"y":0.0,"z":-134.0}]},{"name":"a1bc00e2","positions":[{"x":0.0,"y":0.0,"z":0.0}],"positionsFlipped":[]},{"name":"ffc670c7","positions":[{"x":0.0,"y":0.0,"z":0.0}],"positionsFlipped":[]},{"name":"994c2f8a","positions":[{"x":0.0,"y":0.0,"z":0.0}],"positionsFlipped":[]},{"name":"55e9b866","positions":[{"x":0.0,"y":0.0,"z":0.0}],"positionsFlipped":[]},{"name":"6a65df85","positions":[{"x":0.0,"y":0.0,"z":0.0}],"positionsFlipped":[]},{"name":"1ac84cf9","positions":[{"x":0.0,"y":0.0,"z":0.0}],"positionsFlipped":[]},{"name":"6f8e8a8c","positions":[{"x":0.0,"y":0.0,"z":0.0}],"positionsFlipped":[]},{"name":"720c678a","positions":[{"x":0.0,"y":0.0,"z":0.0}],"positionsFlipped":[]},{"name":"9e214493","positions":[{"x":0.0,"y":0.0,"z":0.0}],"positionsFlipped":[]},{"name":"a3bdf716","positions":[{"x":0.0,"y":0.0,"z":0.0}],"positionsFlipped":[]},{"name":"fd6ec7ae","positions":[{"x":0.0,"y":0.0,"z":0.0}],"positionsFlipped":[]},{"name":"ae25f7f5","positions":[{"x":0.0,"y":0.0,"z":0.0}],"positionsFlipped":[]},{"name":"7afaa116","positions":[{"x":0.0,"y":0.0,"z":151.0}],"positionsFlipped":[]},{"name":"14b36a4d","positions":[{"x":0.0,"y":0.0,"z":151.0}],"positionsFlipped":[]},{"name":"b19ff829","positions":[],"positionsFlipped":[{"x":0.0,"y":0.0,"z":-165.0}]},{"name":"23cc6801","positions":[],"positionsFlipped":[{"x":0.0,"y":0.0,"z":-165.0}]},{"name":"588f000f","positions":[{"x":0.0,"y":0.0,"z":-165.0}],"positionsFlipped":[]},{"name":"cf62eddf","positions":[{"x":0.0,"y":0.0,"z":-165.0}],"positionsFlipped":[]},{"name":"e593aef5","positions":[],"positionsFlipped":[{"x":0.0,"y":0.0,"z":151.0}]},{"name":"b8082f6e","positions":[],"positionsFlipped":[{"x":0.0,"y":0.0,"z":151.0}]},{"name":"9ef7fe81","positions":[{"x":0.0,"y":0.0,"z":0.0}],"positionsFlipped":[]},{"name":"aea10ad9","positions":[{"x":0.0,"y":0.0,"z":12.0},{"x":0.0,"y":0.0,"z":-12.0},{"x":0.0,"y":0.0,"z":36.0},{"x":0.0,"y":0.0,"z":-36.0},{"x":0.0,"y":0.0,"z":60.0},{"x":0.0,"y":0.0,"z":-60.0},{"x":0.0,"y":0.0,"z":84.0},{"x":0.0,"y":0.0,"z":-84.0},{"x":0.0,"y":0.0,"z":108.0},{"x":0.0,"y":0.0,"z":-108.0},{"x":0.0,"y":0.0,"z":132.0}],"positionsFlipped":[]},{"name":"2732492d","positions":[{"x":0.0,"y":0.0,"z":12.0},{"x":0.0,"y":0.0,"z":-12.0},{"x":0.0,"y":0.0,"z":36.0},{"x":0.0,"y":0.0,"z":-36.0},{"x":0.0,"y":0.0,"z":60.0},{"x":0.0,"y":0.0,"z":-60.0},{"x":0.0,"y":0.0,"z":84.0},{"x":0.0,"y":0.0,"z":-84.0},{"x":0.0,"y":0.0,"z":108.0},{"x":0.0,"y":0.0,"z":-108.0},{"x":0.0,"y":0.0,"z":132.0}],"positionsFlipped":[]},{"name":"f4fcf5ff","positions":[{"x":0.0,"y":0.0,"z":12.0},{"x":0.0,"y":0.0,"z":-12.0},{"x":0.0,"y":0.0,"z":36.0},{"x":0.0,"y":0.0,"z":-36.0},{"x":0.0,"y":0.0,"z":60.0},{"x":0.0,"y":0.0,"z":-60.0},{"x":0.0,"y":0.0,"z":84.0},{"x":0.0,"y":0.0,"z":-84.0},{"x":0.0,"y":0.0,"z":108.0},{"x":0.0,"y":0.0,"z":-108.0},{"x":0.0,"y":0.0,"z":132.0}],"positionsFlipped":[]},{"name":"9836074b","positions":[],"positionsFlipped":[{"x":0.0,"y":0.0,"z":10.0},{"x":0.0,"y":0.0,"z":-14.0},{"x":0.0,"y":0.0,"z":34.0},{"x":0.0,"y":0.0,"z":-38.0},{"x":0.0,"y":0.0,"z":58.0},{"x":0.0,"y":0.0,"z":-62.0},{"x":0.0,"y":0.0,"z":82.0},{"x":0.0,"y":0.0,"z":-86.0},{"x":0.0,"y":0.0,"z":106.0},{"x":0.0,"y":0.0,"z":-110.0},{"x":0.0,"y":0.0,"z":130.0}]},{"name":"eabf833e","positions":[{"x":0.0,"y":0.0,"z":0.0}],"positionsFlipped":[]},{"name":"a77b4a7d","positions":[{"x":0.0,"y":0.0,"z":0.0}],"positionsFlipped":[]},{"name":"e096fdd5","positions":[{"x":0.0,"y":0.0,"z":0.0}],"positionsFlipped":[]},{"name":"880369b6","positions":[{"x":0.0,"y":0.0,"z":0.0}],"positionsFlipped":[]},{"name":"679e2867","positions":[{"x":0.0,"y":0.0,"z":0.0}],"positionsFlipped":[]},{"name":"4e2e7b7c","positions":[{"x":0.0,"y":0.0,"z":0.0}],"positionsFlipped":[]},{"name":"a9e1d7f9","positions":[{"x":0.0,"y":0.0,"z":0.0}],"positionsFlipped":[]},{"name":"e92af3da","positions":[],"positionsFlipped":[{"x":0.0,"y":0.0,"z":-74.0}]},{"name":"3c58a485","positions":[],"positionsFlipped":[{"x":0.0,"y":0.0,"z":-74.0}]},{"name":"906a942e","positions":[{"x":0.0,"y":0.0,"z":0.0}],"positionsFlipped":[]},{"name":"e3ec008d","positions":[{"x":0.0,"y":0.0,"z":0.0}],"positionsFlipped":[]},{"name":"5cfd5f6b","positions":[{"x":0.0,"y":0.0,"z":0.0}],"positionsFlipped":[]},{"name":"cba0b3b3","positions":[{"x":0.0,"y":0.0,"z":0.0}],"positionsFlipped":[]},{"name":"8a96e4fd","positions":[{"x":0.0,"y":0.0,"z":0.0}],"positionsFlipped":[]},{"name":"aa754ed8","positions":[{"x":0.0,"y":0.0,"z":0.0}],"positionsFlipped":[]},{"name":"a1d9875","positions":[{"x":0.0,"y":0.0,"z":0.0}],"positionsFlipped":[]},{"name":"c6d5d4ba","positions":[{"x":0.0,"y":0.0,"z":0.0}],"positionsFlipped":[]},{"name":"4a5859ff","positions":[{"x":0.0,"y":0.0,"z":0.0},{"x":0.0,"y":0.0,"z":316.0}],"positionsFlipped":[{"x":0.0,"y":0.0,"z":-14.0},{"x":0.0,"y":0.0,"z":-330.0}]}]}