{
    "vehicles": [
        {
            "id": "mtr_custom_train_153_a1",
            "name": "British Rail Class 153 (\"A\" cab facing front)",
            "color": "FF0000",
            "transportMode": "TRAIN",
            "length": 24,
            "width": 2,
            "bogie1Position": -8.16,
            "bogie2Position": 8.16,
            "couplingPadding1": 0,
            "couplingPadding2": 0,
            "description": "<- You can walk through to the previous and next carriage. ->",
            "wikipediaArticle": "British_Rail_Class_153",
            "tags": [],
            "models": [
                {
                    "modelResource": "mtr:class153/153_a.bbmodel",
                    "textureResource": "mtr:class153/153.png",
                    "modelPropertiesResource": "mtr:properties_e7a37d5d.json",
                    "positionDefinitionsResource": "mtr:definition_c92da94f.json",
                    "flipTextureV": false
                }
            ],
            "bogie1Models": [
                {
                    "modelResource": "mtr:class153/153_a.bbmodel",
                    "textureResource": "mtr:class153/153.png",
                    "modelPropertiesResource": "mtr:properties_77d66344.json",
                    "positionDefinitionsResource": "mtr:definition_f50668dc.json",
                    "flipTextureV": true
                }
            ],
            "bogie2Models": [
                {
                    "modelResource": "mtr:class153/153_a.bbmodel",
                    "textureResource": "mtr:class153/153.png",
                    "modelPropertiesResource": "mtr:properties_e78fedf6.json",
                    "positionDefinitionsResource": "mtr:definition_bc9e9de4.json",
                    "flipTextureV": true
                }
            ],
            "hasGangway1": true,
            "hasGangway2": true,
            "hasBarrier1": false,
            "hasBarrier2": false,
            "legacyRiderOffset": 0,
            "bveSoundBaseResource": "153",
            "legacySpeedSoundBaseResource": "",
            "legacySpeedSoundCount": 1,
            "legacyUseAccelerationSoundsWhenCoasting": false,
            "legacyConstantPlaybackSpeed": false,
            "legacyDoorSoundBaseResource": "",
            "legacyDoorCloseSoundTime": 0
        },
        {
            "id": "mtr_custom_train_153_b1",
            "name": "British Rail Class 153 (\"B\" cab facing front)",
            "color": "FF0000",
            "transportMode": "TRAIN",
            "length": 24,
            "width": 2,
            "bogie1Position": -8.16,
            "bogie2Position": 8.16,
            "couplingPadding1": 0,
            "couplingPadding2": 0,
            "description": "<- You can walk through to the previous and next carriage. ->",
            "wikipediaArticle": "British_Rail_Class_153",
            "tags": [],
            "models": [
                {
                    "modelResource": "mtr:class153/153_b.bbmodel",
                    "textureResource": "mtr:class153/153.png",
                    "modelPropertiesResource": "mtr:properties_9e7ca440.json",
                    "positionDefinitionsResource": "mtr:definition_f69960be.json",
                    "flipTextureV": false
                }
            ],
            "bogie1Models": [
                {
                    "modelResource": "mtr:class153/153_b.bbmodel",
                    "textureResource": "mtr:class153/153.png",
                    "modelPropertiesResource": "mtr:properties_9187e396.json",
                    "positionDefinitionsResource": "mtr:definition_c4dc787b.json",
                    "flipTextureV": true
                }
            ],
            "bogie2Models": [
                {
                    "modelResource": "mtr:class153/153_a.bbmodel",
                    "textureResource": "mtr:class153/153.png",
                    "modelPropertiesResource": "mtr:properties_c6d85beb.json",
                    "positionDefinitionsResource": "mtr:definition_6d71dac4.json",
                    "flipTextureV": true
                }
            ],
            "hasGangway1": true,
            "hasGangway2": true,
            "hasBarrier1": false,
            "hasBarrier2": false,
            "legacyRiderOffset": 0,
            "bveSoundBaseResource": "153",
            "legacySpeedSoundBaseResource": "",
            "legacySpeedSoundCount": 1,
            "legacyUseAccelerationSoundsWhenCoasting": false,
            "legacyConstantPlaybackSpeed": false,
            "legacyDoorSoundBaseResource": "",
            "legacyDoorCloseSoundTime": 0
        },
		{
            "id": "mtr_custom_train_153_a2",
            "name": "British Rail Class 153 (\"A\" cab facing front)",
            "color": "FF0000",
            "transportMode": "TRAIN",
            "length": 24,
            "width": 2,
            "bogie1Position": -8.16,
            "bogie2Position": 8.16,
            "couplingPadding1": 0,
            "couplingPadding2": 0,
            "description": "<- You can walk through to the previous carriage only. X",
            "wikipediaArticle": "British_Rail_Class_153",
            "tags": [],
            "models": [
                {
                    "modelResource": "mtr:class153/153_a.bbmodel",
                    "textureResource": "mtr:class153/153.png",
                    "modelPropertiesResource": "mtr:properties_e7a37d5d.json",
                    "positionDefinitionsResource": "mtr:definition_c92da94f.json",
                    "flipTextureV": false
                }
            ],
            "bogie1Models": [
                {
                    "modelResource": "mtr:class153/153_a.bbmodel",
                    "textureResource": "mtr:class153/153.png",
                    "modelPropertiesResource": "mtr:properties_77d66344.json",
                    "positionDefinitionsResource": "mtr:definition_f50668dc.json",
                    "flipTextureV": true
                }
            ],
            "bogie2Models": [
                {
                    "modelResource": "mtr:class153/153_a.bbmodel",
                    "textureResource": "mtr:class153/153.png",
                    "modelPropertiesResource": "mtr:properties_e78fedf6.json",
                    "positionDefinitionsResource": "mtr:definition_bc9e9de4.json",
                    "flipTextureV": true
                }
            ],
            "hasGangway1": true,
            "hasGangway2": false,
            "hasBarrier1": false,
            "hasBarrier2": false,
            "legacyRiderOffset": 0,
            "bveSoundBaseResource": "153",
            "legacySpeedSoundBaseResource": "",
            "legacySpeedSoundCount": 1,
            "legacyUseAccelerationSoundsWhenCoasting": false,
            "legacyConstantPlaybackSpeed": false,
            "legacyDoorSoundBaseResource": "",
            "legacyDoorCloseSoundTime": 0
        },
        {
            "id": "mtr_custom_train_153_b2",
            "name": "British Rail Class 153 (\"B\" cab facing front)",
            "color": "FF0000",
            "transportMode": "TRAIN",
            "length": 24,
            "width": 2,
            "bogie1Position": -8.16,
            "bogie2Position": 8.16,
            "couplingPadding1": 0,
            "couplingPadding2": 0,
            "description": "<- You can walk through to the previous carriage only. X",
            "wikipediaArticle": "British_Rail_Class_153",
            "tags": [],
            "models": [
                {
                    "modelResource": "mtr:class153/153_b.bbmodel",
                    "textureResource": "mtr:class153/153.png",
                    "modelPropertiesResource": "mtr:properties_9e7ca440.json",
                    "positionDefinitionsResource": "mtr:definition_f69960be.json",
                    "flipTextureV": false
                }
            ],
            "bogie1Models": [
                {
                    "modelResource": "mtr:class153/153_b.bbmodel",
                    "textureResource": "mtr:class153/153.png",
                    "modelPropertiesResource": "mtr:properties_9187e396.json",
                    "positionDefinitionsResource": "mtr:definition_c4dc787b.json",
                    "flipTextureV": true
                }
            ],
            "bogie2Models": [
                {
                    "modelResource": "mtr:class153/153_a.bbmodel",
                    "textureResource": "mtr:class153/153.png",
                    "modelPropertiesResource": "mtr:properties_c6d85beb.json",
                    "positionDefinitionsResource": "mtr:definition_6d71dac4.json",
                    "flipTextureV": true
                }
            ],
            "hasGangway1": true,
            "hasGangway2": false,
            "hasBarrier1": false,
            "hasBarrier2": false,
            "legacyRiderOffset": 0,
            "bveSoundBaseResource": "153",
            "legacySpeedSoundBaseResource": "",
            "legacySpeedSoundCount": 1,
            "legacyUseAccelerationSoundsWhenCoasting": false,
            "legacyConstantPlaybackSpeed": false,
            "legacyDoorSoundBaseResource": "",
            "legacyDoorCloseSoundTime": 0
        },
		{
            "id": "mtr_custom_train_153_a3",
            "name": "British Rail Class 153 (\"A\" cab facing front)",
            "color": "FF0000",
            "transportMode": "TRAIN",
            "length": 24,
            "width": 2,
            "bogie1Position": -8.16,
            "bogie2Position": 8.16,
            "couplingPadding1": 0,
            "couplingPadding2": 0,
            "description": "X You can walk through to the next carriage only. ->",
            "wikipediaArticle": "British_Rail_Class_153",
            "tags": [],
            "models": [
                {
                    "modelResource": "mtr:class153/153_a.bbmodel",
                    "textureResource": "mtr:class153/153.png",
                    "modelPropertiesResource": "mtr:properties_e7a37d5d.json",
                    "positionDefinitionsResource": "mtr:definition_c92da94f.json",
                    "flipTextureV": false
                }
            ],
            "bogie1Models": [
                {
                    "modelResource": "mtr:class153/153_a.bbmodel",
                    "textureResource": "mtr:class153/153.png",
                    "modelPropertiesResource": "mtr:properties_77d66344.json",
                    "positionDefinitionsResource": "mtr:definition_f50668dc.json",
                    "flipTextureV": true
                }
            ],
            "bogie2Models": [
                {
                    "modelResource": "mtr:class153/153_a.bbmodel",
                    "textureResource": "mtr:class153/153.png",
                    "modelPropertiesResource": "mtr:properties_e78fedf6.json",
                    "positionDefinitionsResource": "mtr:definition_bc9e9de4.json",
                    "flipTextureV": true
                }
            ],
            "hasGangway1": false,
            "hasGangway2": true,
            "hasBarrier1": false,
            "hasBarrier2": false,
            "legacyRiderOffset": 0,
            "bveSoundBaseResource": "153",
            "legacySpeedSoundBaseResource": "",
            "legacySpeedSoundCount": 1,
            "legacyUseAccelerationSoundsWhenCoasting": false,
            "legacyConstantPlaybackSpeed": false,
            "legacyDoorSoundBaseResource": "",
            "legacyDoorCloseSoundTime": 0
        },
        {
            "id": "mtr_custom_train_153_b3",
            "name": "British Rail Class 153 (\"B\" cab facing front)",
            "color": "FF0000",
            "transportMode": "TRAIN",
            "length": 24,
            "width": 2,
            "bogie1Position": -8.16,
            "bogie2Position": 8.16,
            "couplingPadding1": 0,
            "couplingPadding2": 0,
            "description": "X You can walk through to the next carriage only. ->",
            "wikipediaArticle": "British_Rail_Class_153",
            "tags": [],
            "models": [
                {
                    "modelResource": "mtr:class153/153_b.bbmodel",
                    "textureResource": "mtr:class153/153.png",
                    "modelPropertiesResource": "mtr:properties_9e7ca440.json",
                    "positionDefinitionsResource": "mtr:definition_f69960be.json",
                    "flipTextureV": false
                }
            ],
            "bogie1Models": [
                {
                    "modelResource": "mtr:class153/153_b.bbmodel",
                    "textureResource": "mtr:class153/153.png",
                    "modelPropertiesResource": "mtr:properties_9187e396.json",
                    "positionDefinitionsResource": "mtr:definition_c4dc787b.json",
                    "flipTextureV": true
                }
            ],
            "bogie2Models": [
                {
                    "modelResource": "mtr:class153/153_a.bbmodel",
                    "textureResource": "mtr:class153/153.png",
                    "modelPropertiesResource": "mtr:properties_c6d85beb.json",
                    "positionDefinitionsResource": "mtr:definition_6d71dac4.json",
                    "flipTextureV": true
                }
            ],
            "hasGangway1": true,
            "hasGangway2": false,
            "hasBarrier1": false,
            "hasBarrier2": false,
            "legacyRiderOffset": 0,
            "bveSoundBaseResource": "153",
            "legacySpeedSoundBaseResource": "",
            "legacySpeedSoundCount": 1,
            "legacyUseAccelerationSoundsWhenCoasting": false,
            "legacyConstantPlaybackSpeed": false,
            "legacyDoorSoundBaseResource": "",
            "legacyDoorCloseSoundTime": 0
        },
		{
            "id": "mtr_custom_train_153_a4",
            "name": "British Rail Class 153 (\"A\" cab facing front)",
            "color": "FF0000",
            "transportMode": "TRAIN",
            "length": 24,
            "width": 2,
            "bogie1Position": -8.16,
            "bogie2Position": 8.16,
            "couplingPadding1": 0,
            "couplingPadding2": 0,
            "description": "X You cannot walk through to the previous or next carriage. X",
            "wikipediaArticle": "British_Rail_Class_153",
            "tags": [],
            "models": [
                {
                    "modelResource": "mtr:class153/153_a.bbmodel",
                    "textureResource": "mtr:class153/153.png",
                    "modelPropertiesResource": "mtr:properties_e7a37d5d.json",
                    "positionDefinitionsResource": "mtr:definition_c92da94f.json",
                    "flipTextureV": false
                }
            ],
            "bogie1Models": [
                {
                    "modelResource": "mtr:class153/153_a.bbmodel",
                    "textureResource": "mtr:class153/153.png",
                    "modelPropertiesResource": "mtr:properties_77d66344.json",
                    "positionDefinitionsResource": "mtr:definition_f50668dc.json",
                    "flipTextureV": true
                }
            ],
            "bogie2Models": [
                {
                    "modelResource": "mtr:class153/153_a.bbmodel",
                    "textureResource": "mtr:class153/153.png",
                    "modelPropertiesResource": "mtr:properties_e78fedf6.json",
                    "positionDefinitionsResource": "mtr:definition_bc9e9de4.json",
                    "flipTextureV": true
                }
            ],
            "hasGangway1": false,
            "hasGangway2": false,
            "hasBarrier1": false,
            "hasBarrier2": false,
            "legacyRiderOffset": 0,
            "bveSoundBaseResource": "153",
            "legacySpeedSoundBaseResource": "",
            "legacySpeedSoundCount": 1,
            "legacyUseAccelerationSoundsWhenCoasting": false,
            "legacyConstantPlaybackSpeed": false,
            "legacyDoorSoundBaseResource": "",
            "legacyDoorCloseSoundTime": 0
        },
        {
            "id": "mtr_custom_train_153_b3",
            "name": "British Rail Class 153 (\"B\" cab facing front)",
            "color": "FF0000",
            "transportMode": "TRAIN",
            "length": 24,
            "width": 2,
            "bogie1Position": -8.16,
            "bogie2Position": 8.16,
            "couplingPadding1": 0,
            "couplingPadding2": 0,
            "description": "X You cannot walk through to the previous or next carriage. X",
            "wikipediaArticle": "British_Rail_Class_153",
            "tags": [],
            "models": [
                {
                    "modelResource": "mtr:class153/153_b.bbmodel",
                    "textureResource": "mtr:class153/153.png",
                    "modelPropertiesResource": "mtr:properties_9e7ca440.json",
                    "positionDefinitionsResource": "mtr:definition_f69960be.json",
                    "flipTextureV": false
                }
            ],
            "bogie1Models": [
                {
                    "modelResource": "mtr:class153/153_b.bbmodel",
                    "textureResource": "mtr:class153/153.png",
                    "modelPropertiesResource": "mtr:properties_9187e396.json",
                    "positionDefinitionsResource": "mtr:definition_c4dc787b.json",
                    "flipTextureV": true
                }
            ],
            "bogie2Models": [
                {
                    "modelResource": "mtr:class153/153_a.bbmodel",
                    "textureResource": "mtr:class153/153.png",
                    "modelPropertiesResource": "mtr:properties_c6d85beb.json",
                    "positionDefinitionsResource": "mtr:definition_6d71dac4.json",
                    "flipTextureV": true
                }
            ],
            "hasGangway1": false,
            "hasGangway2": false,
            "hasBarrier1": false,
            "hasBarrier2": false,
            "legacyRiderOffset": 0,
            "bveSoundBaseResource": "153",
            "legacySpeedSoundBaseResource": "",
            "legacySpeedSoundCount": 1,
            "legacyUseAccelerationSoundsWhenCoasting": false,
            "legacyConstantPlaybackSpeed": false,
            "legacyDoorSoundBaseResource": "",
            "legacyDoorCloseSoundTime": 0
        }
    ],
    "signs": [],
    "rails": [],
    "objects": []
}