{
    "parts": [
        {
            "names": [
                "shell"
            ],
            "positionDefinitions": [
                "3bfc2531"
            ],
            "condition": "NORMAL",
            "renderStage": "EXTERIOR",
            "type": "NORMAL",
            "displayXPadding": 0,
            "displayYPadding": 0,
            "displayColorCjk": "",
            "displayColor": "",
            "displayMaxLineHeight": 0,
            "displayCjkSizeRatio": 0,
            "displayOptions": [],
            "displayPadZeros": 0,
            "displayType": "DESTINATION",
            "displayDefaultText": "",
            "doorXMultiplier": 0,
            "doorZMultiplier": 0,
            "doorAnimationType": "PLUG_FAST",
            "renderFromOpeningDoorTime": 0,
            "renderUntilOpeningDoorTime": 0,
            "renderFromClosingDoorTime": 0,
            "renderUntilClosingDoorTime": 0,
            "flashOffTime": 0,
            "flashOnTime": 0
        },
        {
            "names": [
                "roof_exterior"
            ],
            "positionDefinitions": [
                "733ebbfa"
            ],
            "condition": "NORMAL",
            "renderStage": "EXTERIOR",
            "type": "NORMAL",
            "displayXPadding": 0,
            "displayYPadding": 0,
            "displayColorCjk": "",
            "displayColor": "",
            "displayMaxLineHeight": 0,
            "displayCjkSizeRatio": 0,
            "displayOptions": [],
            "displayPadZeros": 0,
            "displayType": "DESTINATION",
            "displayDefaultText": "",
            "doorXMultiplier": 0,
            "doorZMultiplier": 0,
            "doorAnimationType": "PLUG_FAST",
            "renderFromOpeningDoorTime": 0,
            "renderUntilOpeningDoorTime": 0,
            "renderFromClosingDoorTime": 0,
            "renderUntilClosingDoorTime": 0,
            "flashOffTime": 0,
            "flashOnTime": 0
        },
        {
            "names": [
                "roof_exterior"
            ],
            "positionDefinitions": [
                "c7c04138"
            ],
            "condition": "NORMAL",
            "renderStage": "EXTERIOR",
            "type": "NORMAL",
            "displayXPadding": 0,
            "displayYPadding": 0,
            "displayColorCjk": "",
            "displayColor": "",
            "displayMaxLineHeight": 0,
            "displayCjkSizeRatio": 0,
            "displayOptions": [],
            "displayPadZeros": 0,
            "displayType": "DESTINATION",
            "displayDefaultText": "",
            "doorXMultiplier": 0,
            "doorZMultiplier": 0,
            "doorAnimationType": "PLUG_FAST",
            "renderFromOpeningDoorTime": 0,
            "renderUntilOpeningDoorTime": 0,
            "renderFromClosingDoorTime": 0,
            "renderUntilClosingDoorTime": 0,
            "flashOffTime": 0,
            "flashOnTime": 0
        },
        {
            "names": [
                "window_exterior_1"
            ],
            "positionDefinitions": [
                "56294251"
            ],
            "condition": "NORMAL",
            "renderStage": "EXTERIOR",
            "type": "NORMAL",
            "displayXPadding": 0,
            "displayYPadding": 0,
            "displayColorCjk": "",
            "displayColor": "",
            "displayMaxLineHeight": 0,
            "displayCjkSizeRatio": 0,
            "displayOptions": [],
            "displayPadZeros": 0,
            "displayType": "DESTINATION",
            "displayDefaultText": "",
            "doorXMultiplier": 0,
            "doorZMultiplier": 0,
            "doorAnimationType": "PLUG_FAST",
            "renderFromOpeningDoorTime": 0,
            "renderUntilOpeningDoorTime": 0,
            "renderFromClosingDoorTime": 0,
            "renderUntilClosingDoorTime": 0,
            "flashOffTime": 0,
            "flashOnTime": 0
        },
        {
            "names": [
                "window_exterior_2"
            ],
            "positionDefinitions": [
                "50fef555"
            ],
            "condition": "NORMAL",
            "renderStage": "EXTERIOR",
            "type": "NORMAL",
            "displayXPadding": 0,
            "displayYPadding": 0,
            "displayColorCjk": "",
            "displayColor": "",
            "displayMaxLineHeight": 0,
            "displayCjkSizeRatio": 0,
            "displayOptions": [],
            "displayPadZeros": 0,
            "displayType": "DESTINATION",
            "displayDefaultText": "",
            "doorXMultiplier": 0,
            "doorZMultiplier": 0,
            "doorAnimationType": "PLUG_FAST",
            "renderFromOpeningDoorTime": 0,
            "renderUntilOpeningDoorTime": 0,
            "renderFromClosingDoorTime": 0,
            "renderUntilClosingDoorTime": 0,
            "flashOffTime": 0,
            "flashOnTime": 0
        },
        {
            "names": [
                "window_exterior_3"
            ],
            "positionDefinitions": [
                "2c5c2c5a"
            ],
            "condition": "NORMAL",
            "renderStage": "EXTERIOR",
            "type": "NORMAL",
            "displayXPadding": 0,
            "displayYPadding": 0,
            "displayColorCjk": "",
            "displayColor": "",
            "displayMaxLineHeight": 0,
            "displayCjkSizeRatio": 0,
            "displayOptions": [],
            "displayPadZeros": 0,
            "displayType": "DESTINATION",
            "displayDefaultText": "",
            "doorXMultiplier": 0,
            "doorZMultiplier": 0,
            "doorAnimationType": "PLUG_FAST",
            "renderFromOpeningDoorTime": 0,
            "renderUntilOpeningDoorTime": 0,
            "renderFromClosingDoorTime": 0,
            "renderUntilClosingDoorTime": 0,
            "flashOffTime": 0,
            "flashOnTime": 0
        },
        {
            "names": [
                "window_exterior_4"
            ],
            "positionDefinitions": [
                "2d4f22e5"
            ],
            "condition": "NORMAL",
            "renderStage": "EXTERIOR",
            "type": "NORMAL",
            "displayXPadding": 0,
            "displayYPadding": 0,
            "displayColorCjk": "",
            "displayColor": "",
            "displayMaxLineHeight": 0,
            "displayCjkSizeRatio": 0,
            "displayOptions": [],
            "displayPadZeros": 0,
            "displayType": "DESTINATION",
            "displayDefaultText": "",
            "doorXMultiplier": 0,
            "doorZMultiplier": 0,
            "doorAnimationType": "PLUG_FAST",
            "renderFromOpeningDoorTime": 0,
            "renderUntilOpeningDoorTime": 0,
            "renderFromClosingDoorTime": 0,
            "renderUntilClosingDoorTime": 0,
            "flashOffTime": 0,
            "flashOnTime": 0
        },
        {
            "names": [
                "window_exterior_5"
            ],
            "positionDefinitions": [
                "c234b8e5"
            ],
            "condition": "NORMAL",
            "renderStage": "EXTERIOR",
            "type": "NORMAL",
            "displayXPadding": 0,
            "displayYPadding": 0,
            "displayColorCjk": "",
            "displayColor": "",
            "displayMaxLineHeight": 0,
            "displayCjkSizeRatio": 0,
            "displayOptions": [],
            "displayPadZeros": 0,
            "displayType": "DESTINATION",
            "displayDefaultText": "",
            "doorXMultiplier": 0,
            "doorZMultiplier": 0,
            "doorAnimationType": "PLUG_FAST",
            "renderFromOpeningDoorTime": 0,
            "renderUntilOpeningDoorTime": 0,
            "renderFromClosingDoorTime": 0,
            "renderUntilClosingDoorTime": 0,
            "flashOffTime": 0,
            "flashOnTime": 0
        },
        {
            "names": [
                "window_exterior_6"
            ],
            "positionDefinitions": [
                "4ff37df6"
            ],
            "condition": "NORMAL",
            "renderStage": "EXTERIOR",
            "type": "NORMAL",
            "displayXPadding": 0,
            "displayYPadding": 0,
            "displayColorCjk": "",
            "displayColor": "",
            "displayMaxLineHeight": 0,
            "displayCjkSizeRatio": 0,
            "displayOptions": [],
            "displayPadZeros": 0,
            "displayType": "DESTINATION",
            "displayDefaultText": "",
            "doorXMultiplier": 0,
            "doorZMultiplier": 0,
            "doorAnimationType": "PLUG_FAST",
            "renderFromOpeningDoorTime": 0,
            "renderUntilOpeningDoorTime": 0,
            "renderFromClosingDoorTime": 0,
            "renderUntilClosingDoorTime": 0,
            "flashOffTime": 0,
            "flashOnTime": 0
        },
        {
            "names": [
                "window_exterior_7"
            ],
            "positionDefinitions": [
                "6e2839af"
            ],
            "condition": "NORMAL",
            "renderStage": "EXTERIOR",
            "type": "NORMAL",
            "displayXPadding": 0,
            "displayYPadding": 0,
            "displayColorCjk": "",
            "displayColor": "",
            "displayMaxLineHeight": 0,
            "displayCjkSizeRatio": 0,
            "displayOptions": [],
            "displayPadZeros": 0,
            "displayType": "DESTINATION",
            "displayDefaultText": "",
            "doorXMultiplier": 0,
            "doorZMultiplier": 0,
            "doorAnimationType": "PLUG_FAST",
            "renderFromOpeningDoorTime": 0,
            "renderUntilOpeningDoorTime": 0,
            "renderFromClosingDoorTime": 0,
            "renderUntilClosingDoorTime": 0,
            "flashOffTime": 0,
            "flashOnTime": 0
        },
        {
            "names": [
                "window_exterior_8"
            ],
            "positionDefinitions": [
                "ff58c24a"
            ],
            "condition": "NORMAL",
            "renderStage": "EXTERIOR",
            "type": "NORMAL",
            "displayXPadding": 0,
            "displayYPadding": 0,
            "displayColorCjk": "",
            "displayColor": "",
            "displayMaxLineHeight": 0,
            "displayCjkSizeRatio": 0,
            "displayOptions": [],
            "displayPadZeros": 0,
            "displayType": "DESTINATION",
            "displayDefaultText": "",
            "doorXMultiplier": 0,
            "doorZMultiplier": 0,
            "doorAnimationType": "PLUG_FAST",
            "renderFromOpeningDoorTime": 0,
            "renderUntilOpeningDoorTime": 0,
            "renderFromClosingDoorTime": 0,
            "renderUntilClosingDoorTime": 0,
            "flashOffTime": 0,
            "flashOnTime": 0
        },
        {
            "names": [
                "window_exterior_9"
            ],
            "positionDefinitions": [
                "ae2f7f98"
            ],
            "condition": "NORMAL",
            "renderStage": "EXTERIOR",
            "type": "NORMAL",
            "displayXPadding": 0,
            "displayYPadding": 0,
            "displayColorCjk": "",
            "displayColor": "",
            "displayMaxLineHeight": 0,
            "displayCjkSizeRatio": 0,
            "displayOptions": [],
            "displayPadZeros": 0,
            "displayType": "DESTINATION",
            "displayDefaultText": "",
            "doorXMultiplier": 0,
            "doorZMultiplier": 0,
            "doorAnimationType": "PLUG_FAST",
            "renderFromOpeningDoorTime": 0,
            "renderUntilOpeningDoorTime": 0,
            "renderFromClosingDoorTime": 0,
            "renderUntilClosingDoorTime": 0,
            "flashOffTime": 0,
            "flashOnTime": 0
        },
        {
            "names": [
                "window_exterior_10"
            ],
            "positionDefinitions": [
                "17ae62b7"
            ],
            "condition": "NORMAL",
            "renderStage": "EXTERIOR",
            "type": "NORMAL",
            "displayXPadding": 0,
            "displayYPadding": 0,
            "displayColorCjk": "",
            "displayColor": "",
            "displayMaxLineHeight": 0,
            "displayCjkSizeRatio": 0,
            "displayOptions": [],
            "displayPadZeros": 0,
            "displayType": "DESTINATION",
            "displayDefaultText": "",
            "doorXMultiplier": 0,
            "doorZMultiplier": 0,
            "doorAnimationType": "PLUG_FAST",
            "renderFromOpeningDoorTime": 0,
            "renderUntilOpeningDoorTime": 0,
            "renderFromClosingDoorTime": 0,
            "renderUntilClosingDoorTime": 0,
            "flashOffTime": 0,
            "flashOnTime": 0
        },
        {
            "names": [
                "window_exterior_11"
            ],
            "positionDefinitions": [
                "39ea1124"
            ],
            "condition": "NORMAL",
            "renderStage": "EXTERIOR",
            "type": "NORMAL",
            "displayXPadding": 0,
            "displayYPadding": 0,
            "displayColorCjk": "",
            "displayColor": "",
            "displayMaxLineHeight": 0,
            "displayCjkSizeRatio": 0,
            "displayOptions": [],
            "displayPadZeros": 0,
            "displayType": "DESTINATION",
            "displayDefaultText": "",
            "doorXMultiplier": 0,
            "doorZMultiplier": 0,
            "doorAnimationType": "PLUG_FAST",
            "renderFromOpeningDoorTime": 0,
            "renderUntilOpeningDoorTime": 0,
            "renderFromClosingDoorTime": 0,
            "renderUntilClosingDoorTime": 0,
            "flashOffTime": 0,
            "flashOnTime": 0
        },
        {
            "names": [
                "window_exterior_12"
            ],
            "positionDefinitions": [
                "459ba7a2"
            ],
            "condition": "NORMAL",
            "renderStage": "EXTERIOR",
            "type": "NORMAL",
            "displayXPadding": 0,
            "displayYPadding": 0,
            "displayColorCjk": "",
            "displayColor": "",
            "displayMaxLineHeight": 0,
            "displayCjkSizeRatio": 0,
            "displayOptions": [],
            "displayPadZeros": 0,
            "displayType": "DESTINATION",
            "displayDefaultText": "",
            "doorXMultiplier": 0,
            "doorZMultiplier": 0,
            "doorAnimationType": "PLUG_FAST",
            "renderFromOpeningDoorTime": 0,
            "renderUntilOpeningDoorTime": 0,
            "renderFromClosingDoorTime": 0,
            "renderUntilClosingDoorTime": 0,
            "flashOffTime": 0,
            "flashOnTime": 0
        },
        {
            "names": [
                "door_exterior"
            ],
            "positionDefinitions": [
                "d5d35e17"
            ],
            "condition": "NORMAL",
            "renderStage": "EXTERIOR",
            "type": "NORMAL",
            "displayXPadding": 0,
            "displayYPadding": 0,
            "displayColorCjk": "",
            "displayColor": "",
            "displayMaxLineHeight": 0,
            "displayCjkSizeRatio": 0,
            "displayOptions": [],
            "displayPadZeros": 0,
            "displayType": "DESTINATION",
            "displayDefaultText": "",
            "doorXMultiplier": 1,
            "doorZMultiplier": 16,
            "doorAnimationType": "PLUG_FAST",
            "renderFromOpeningDoorTime": 0,
            "renderUntilOpeningDoorTime": 0,
            "renderFromClosingDoorTime": 0,
            "renderUntilClosingDoorTime": 0,
            "flashOffTime": 0,
            "flashOnTime": 0
        },
        {
            "names": [
                "door"
            ],
            "positionDefinitions": [
                "f7146aca"
            ],
            "condition": "NORMAL",
            "renderStage": "INTERIOR",
            "type": "NORMAL",
            "displayXPadding": 0,
            "displayYPadding": 0,
            "displayColorCjk": "",
            "displayColor": "",
            "displayMaxLineHeight": 0,
            "displayCjkSizeRatio": 0,
            "displayOptions": [],
            "displayPadZeros": 0,
            "displayType": "DESTINATION",
            "displayDefaultText": "",
            "doorXMultiplier": 1,
            "doorZMultiplier": 16,
            "doorAnimationType": "PLUG_FAST",
            "renderFromOpeningDoorTime": 0,
            "renderUntilOpeningDoorTime": 0,
            "renderFromClosingDoorTime": 0,
            "renderUntilClosingDoorTime": 0,
            "flashOffTime": 0,
            "flashOnTime": 0
        },
        {
            "names": [
                "door_exterior"
            ],
            "positionDefinitions": [
                "7febd562"
            ],
            "condition": "NORMAL",
            "renderStage": "EXTERIOR",
            "type": "NORMAL",
            "displayXPadding": 0,
            "displayYPadding": 0,
            "displayColorCjk": "",
            "displayColor": "",
            "displayMaxLineHeight": 0,
            "displayCjkSizeRatio": 0,
            "displayOptions": [],
            "displayPadZeros": 0,
            "displayType": "DESTINATION",
            "displayDefaultText": "",
            "doorXMultiplier": 1,
            "doorZMultiplier": 16,
            "doorAnimationType": "PLUG_FAST",
            "renderFromOpeningDoorTime": 0,
            "renderUntilOpeningDoorTime": 0,
            "renderFromClosingDoorTime": 0,
            "renderUntilClosingDoorTime": 0,
            "flashOffTime": 0,
            "flashOnTime": 0
        },
        {
            "names": [
                "door"
            ],
            "positionDefinitions": [
                "f1cd849e"
            ],
            "condition": "NORMAL",
            "renderStage": "INTERIOR",
            "type": "NORMAL",
            "displayXPadding": 0,
            "displayYPadding": 0,
            "displayColorCjk": "",
            "displayColor": "",
            "displayMaxLineHeight": 0,
            "displayCjkSizeRatio": 0,
            "displayOptions": [],
            "displayPadZeros": 0,
            "displayType": "DESTINATION",
            "displayDefaultText": "",
            "doorXMultiplier": 1,
            "doorZMultiplier": 16,
            "doorAnimationType": "PLUG_FAST",
            "renderFromOpeningDoorTime": 0,
            "renderUntilOpeningDoorTime": 0,
            "renderFromClosingDoorTime": 0,
            "renderUntilClosingDoorTime": 0,
            "flashOffTime": 0,
            "flashOnTime": 0
        },
        {
            "names": [
                "door_exterior_flip"
            ],
            "positionDefinitions": [
                "49d107a1"
            ],
            "condition": "NORMAL",
            "renderStage": "EXTERIOR",
            "type": "NORMAL",
            "displayXPadding": 0,
            "displayYPadding": 0,
            "displayColorCjk": "",
            "displayColor": "",
            "displayMaxLineHeight": 0,
            "displayCjkSizeRatio": 0,
            "displayOptions": [],
            "displayPadZeros": 0,
            "displayType": "DESTINATION",
            "displayDefaultText": "",
            "doorXMultiplier": 1,
            "doorZMultiplier": -16,
            "doorAnimationType": "PLUG_FAST",
            "renderFromOpeningDoorTime": 0,
            "renderUntilOpeningDoorTime": 0,
            "renderFromClosingDoorTime": 0,
            "renderUntilClosingDoorTime": 0,
            "flashOffTime": 0,
            "flashOnTime": 0
        },
        {
            "names": [
                "door_flip"
            ],
            "positionDefinitions": [
                "d3879569"
            ],
            "condition": "NORMAL",
            "renderStage": "INTERIOR",
            "type": "NORMAL",
            "displayXPadding": 0,
            "displayYPadding": 0,
            "displayColorCjk": "",
            "displayColor": "",
            "displayMaxLineHeight": 0,
            "displayCjkSizeRatio": 0,
            "displayOptions": [],
            "displayPadZeros": 0,
            "displayType": "DESTINATION",
            "displayDefaultText": "",
            "doorXMultiplier": 1,
            "doorZMultiplier": -16,
            "doorAnimationType": "PLUG_FAST",
            "renderFromOpeningDoorTime": 0,
            "renderUntilOpeningDoorTime": 0,
            "renderFromClosingDoorTime": 0,
            "renderUntilClosingDoorTime": 0,
            "flashOffTime": 0,
            "flashOnTime": 0
        },
        {
            "names": [
                "door_exterior_flip"
            ],
            "positionDefinitions": [
                "cd55effa"
            ],
            "condition": "NORMAL",
            "renderStage": "EXTERIOR",
            "type": "NORMAL",
            "displayXPadding": 0,
            "displayYPadding": 0,
            "displayColorCjk": "",
            "displayColor": "",
            "displayMaxLineHeight": 0,
            "displayCjkSizeRatio": 0,
            "displayOptions": [],
            "displayPadZeros": 0,
            "displayType": "DESTINATION",
            "displayDefaultText": "",
            "doorXMultiplier": 1,
            "doorZMultiplier": -16,
            "doorAnimationType": "PLUG_FAST",
            "renderFromOpeningDoorTime": 0,
            "renderUntilOpeningDoorTime": 0,
            "renderFromClosingDoorTime": 0,
            "renderUntilClosingDoorTime": 0,
            "flashOffTime": 0,
            "flashOnTime": 0
        },
        {
            "names": [
                "door_flip"
            ],
            "positionDefinitions": [
                "b7c6f69f"
            ],
            "condition": "NORMAL",
            "renderStage": "INTERIOR",
            "type": "NORMAL",
            "displayXPadding": 0,
            "displayYPadding": 0,
            "displayColorCjk": "",
            "displayColor": "",
            "displayMaxLineHeight": 0,
            "displayCjkSizeRatio": 0,
            "displayOptions": [],
            "displayPadZeros": 0,
            "displayType": "DESTINATION",
            "displayDefaultText": "",
            "doorXMultiplier": 1,
            "doorZMultiplier": -16,
            "doorAnimationType": "PLUG_FAST",
            "renderFromOpeningDoorTime": 0,
            "renderUntilOpeningDoorTime": 0,
            "renderFromClosingDoorTime": 0,
            "renderUntilClosingDoorTime": 0,
            "flashOffTime": 0,
            "flashOnTime": 0
        },
        {
            "names": [
                "interior"
            ],
            "positionDefinitions": [
                "87ff9e8d"
            ],
            "condition": "NORMAL",
            "renderStage": "INTERIOR",
            "type": "NORMAL",
            "displayXPadding": 0,
            "displayYPadding": 0,
            "displayColorCjk": "",
            "displayColor": "",
            "displayMaxLineHeight": 0,
            "displayCjkSizeRatio": 0,
            "displayOptions": [],
            "displayPadZeros": 0,
            "displayType": "DESTINATION",
            "displayDefaultText": "",
            "doorXMultiplier": 0,
            "doorZMultiplier": 0,
            "doorAnimationType": "PLUG_FAST",
            "renderFromOpeningDoorTime": 0,
            "renderUntilOpeningDoorTime": 0,
            "renderFromClosingDoorTime": 0,
            "renderUntilClosingDoorTime": 0,
            "flashOffTime": 0,
            "flashOnTime": 0
        },
        {
            "names": [
                "lights"
            ],
            "positionDefinitions": [
                "db07d700"
            ],
            "condition": "NORMAL",
            "renderStage": "LIGHT",
            "type": "NORMAL",
            "displayXPadding": 0,
            "displayYPadding": 0,
            "displayColorCjk": "",
            "displayColor": "",
            "displayMaxLineHeight": 0,
            "displayCjkSizeRatio": 0,
            "displayOptions": [],
            "displayPadZeros": 0,
            "displayType": "DESTINATION",
            "displayDefaultText": "",
            "doorXMultiplier": 0,
            "doorZMultiplier": 0,
            "doorAnimationType": "PLUG_FAST",
            "renderFromOpeningDoorTime": 0,
            "renderUntilOpeningDoorTime": 0,
            "renderFromClosingDoorTime": 0,
            "renderUntilClosingDoorTime": 0,
            "flashOffTime": 0,
            "flashOnTime": 0
        },
        {
            "names": [
                "lights_2"
            ],
            "positionDefinitions": [
                "47145afe"
            ],
            "condition": "NORMAL",
            "renderStage": "INTERIOR",
            "type": "NORMAL",
            "displayXPadding": 0,
            "displayYPadding": 0,
            "displayColorCjk": "",
            "displayColor": "",
            "displayMaxLineHeight": 0,
            "displayCjkSizeRatio": 0,
            "displayOptions": [],
            "displayPadZeros": 0,
            "displayType": "DESTINATION",
            "displayDefaultText": "",
            "doorXMultiplier": 0,
            "doorZMultiplier": 0,
            "doorAnimationType": "PLUG_FAST",
            "renderFromOpeningDoorTime": 0,
            "renderUntilOpeningDoorTime": 0,
            "renderFromClosingDoorTime": 0,
            "renderUntilClosingDoorTime": 0,
            "flashOffTime": 0,
            "flashOnTime": 0
        },
        {
            "names": [
                "window"
            ],
            "positionDefinitions": [
                "e3c5a0ab"
            ],
            "condition": "NORMAL",
            "renderStage": "INTERIOR",
            "type": "NORMAL",
            "displayXPadding": 0,
            "displayYPadding": 0,
            "displayColorCjk": "",
            "displayColor": "",
            "displayMaxLineHeight": 0,
            "displayCjkSizeRatio": 0,
            "displayOptions": [],
            "displayPadZeros": 0,
            "displayType": "DESTINATION",
            "displayDefaultText": "",
            "doorXMultiplier": 0,
            "doorZMultiplier": 0,
            "doorAnimationType": "PLUG_FAST",
            "renderFromOpeningDoorTime": 0,
            "renderUntilOpeningDoorTime": 0,
            "renderFromClosingDoorTime": 0,
            "renderUntilClosingDoorTime": 0,
            "flashOffTime": 0,
            "flashOnTime": 0
        },
        {
            "names": [
                "window"
            ],
            "positionDefinitions": [
                "c6c6316a"
            ],
            "condition": "NORMAL",
            "renderStage": "INTERIOR",
            "type": "NORMAL",
            "displayXPadding": 0,
            "displayYPadding": 0,
            "displayColorCjk": "",
            "displayColor": "",
            "displayMaxLineHeight": 0,
            "displayCjkSizeRatio": 0,
            "displayOptions": [],
            "displayPadZeros": 0,
            "displayType": "DESTINATION",
            "displayDefaultText": "",
            "doorXMultiplier": 0,
            "doorZMultiplier": 0,
            "doorAnimationType": "PLUG_FAST",
            "renderFromOpeningDoorTime": 0,
            "renderUntilOpeningDoorTime": 0,
            "renderFromClosingDoorTime": 0,
            "renderUntilClosingDoorTime": 0,
            "flashOffTime": 0,
            "flashOnTime": 0
        },
        {
            "names": [
                "lights_tube"
            ],
            "positionDefinitions": [
                "edfaa7e5"
            ],
            "condition": "NORMAL",
            "renderStage": "LIGHT",
            "type": "NORMAL",
            "displayXPadding": 0,
            "displayYPadding": 0,
            "displayColorCjk": "",
            "displayColor": "",
            "displayMaxLineHeight": 0,
            "displayCjkSizeRatio": 0,
            "displayOptions": [],
            "displayPadZeros": 0,
            "displayType": "DESTINATION",
            "displayDefaultText": "",
            "doorXMultiplier": 0,
            "doorZMultiplier": 0,
            "doorAnimationType": "PLUG_FAST",
            "renderFromOpeningDoorTime": 0,
            "renderUntilOpeningDoorTime": 0,
            "renderFromClosingDoorTime": 0,
            "renderUntilClosingDoorTime": 0,
            "flashOffTime": 0,
            "flashOnTime": 0
        },
        {
            "names": [
                "doorlight_off"
            ],
            "positionDefinitions": [
                "edf741e9"
            ],
            "condition": "DOORS_CLOSED",
            "renderStage": "EXTERIOR",
            "type": "NORMAL",
            "displayXPadding": 0,
            "displayYPadding": 0,
            "displayColorCjk": "",
            "displayColor": "",
            "displayMaxLineHeight": 0,
            "displayCjkSizeRatio": 0,
            "displayOptions": [],
            "displayPadZeros": 0,
            "displayType": "DESTINATION",
            "displayDefaultText": "",
            "doorXMultiplier": 0,
            "doorZMultiplier": 0,
            "doorAnimationType": "PLUG_FAST",
            "renderFromOpeningDoorTime": 0,
            "renderUntilOpeningDoorTime": 0,
            "renderFromClosingDoorTime": 0,
            "renderUntilClosingDoorTime": 0,
            "flashOffTime": 0,
            "flashOnTime": 0
        },
        {
            "names": [
                "doorlight_on"
            ],
            "positionDefinitions": [
                "b680c7d4"
            ],
            "condition": "DOORS_OPENED",
            "renderStage": "LIGHT",
            "type": "NORMAL",
            "displayXPadding": 0,
            "displayYPadding": 0,
            "displayColorCjk": "",
            "displayColor": "",
            "displayMaxLineHeight": 0,
            "displayCjkSizeRatio": 0,
            "displayOptions": [],
            "displayPadZeros": 0,
            "displayType": "DESTINATION",
            "displayDefaultText": "",
            "doorXMultiplier": 0,
            "doorZMultiplier": 0,
            "doorAnimationType": "PLUG_FAST",
            "renderFromOpeningDoorTime": 0,
            "renderUntilOpeningDoorTime": 0,
            "renderFromClosingDoorTime": 0,
            "renderUntilClosingDoorTime": 0,
            "flashOffTime": 0,
            "flashOnTime": 0
        },
        {
            "names": [
                "display_front_a"
            ],
            "positionDefinitions": [
                "c778fafb"
            ],
            "condition": "NORMAL",
            "renderStage": "EXTERIOR",
            "type": "DISPLAY",
            "displayXPadding": 0,
            "displayYPadding": 0,
            "displayColorCjk": "FF9900",
            "displayColor": "FF9900",
            "displayMaxLineHeight": 0,
            "displayCjkSizeRatio": 0,
            "displayOptions": [
                "SCROLL_NORMAL",
                "SINGLE_LINE"
            ],
            "displayPadZeros": 0,
            "displayType": "DESTINATION",
            "displayDefaultText": "",
            "doorXMultiplier": 0,
            "doorZMultiplier": 0,
            "doorAnimationType": "PLUG_FAST",
            "renderFromOpeningDoorTime": 0,
            "renderUntilOpeningDoorTime": 0,
            "renderFromClosingDoorTime": 0,
            "renderUntilClosingDoorTime": 0,
            "flashOffTime": 0,
            "flashOnTime": 0
        },
        {
            "names": [
                "display_front_b"
            ],
            "positionDefinitions": [
                "1271e6c8"
            ],
            "condition": "NORMAL",
            "renderStage": "EXTERIOR",
            "type": "DISPLAY",
            "displayXPadding": 0,
            "displayYPadding": 0,
            "displayColorCjk": "FF9900",
            "displayColor": "FF9900",
            "displayMaxLineHeight": 0,
            "displayCjkSizeRatio": 0,
            "displayOptions": [
                "SCROLL_NORMAL",
                "SINGLE_LINE"
            ],
            "displayPadZeros": 0,
            "displayType": "DESTINATION",
            "displayDefaultText": "",
            "doorXMultiplier": 0,
            "doorZMultiplier": 0,
            "doorAnimationType": "PLUG_FAST",
            "renderFromOpeningDoorTime": 0,
            "renderUntilOpeningDoorTime": 0,
            "renderFromClosingDoorTime": 0,
            "renderUntilClosingDoorTime": 0,
            "flashOffTime": 0,
            "flashOnTime": 0
        },
        {
            "names": [
                "display_interior"
            ],
            "positionDefinitions": [
                "4a855e56"
            ],
            "condition": "NORMAL",
            "renderStage": "EXTERIOR",
            "type": "DISPLAY",
            "displayXPadding": 0,
            "displayYPadding": 0,
            "displayColorCjk": "FF9900",
            "displayColor": "FF9900",
            "displayMaxLineHeight": 0,
            "displayCjkSizeRatio": 0,
            "displayOptions": [
                "SCROLL_NORMAL"
            ],
            "displayPadZeros": 0,
            "displayType": "NEXT_STATION_UK",
            "displayDefaultText": "",
            "doorXMultiplier": 0,
            "doorZMultiplier": 0,
            "doorAnimationType": "PLUG_FAST",
            "renderFromOpeningDoorTime": 0,
            "renderUntilOpeningDoorTime": 0,
            "renderFromClosingDoorTime": 0,
            "renderUntilClosingDoorTime": 0,
            "flashOffTime": 0,
            "flashOnTime": 0
        },
        {
            "names": [
                "doorlight_off"
            ],
            "positionDefinitions": [
                "7707a759"
            ],
            "condition": "DOORS_CLOSED",
            "renderStage": "EXTERIOR",
            "type": "NORMAL",
            "displayXPadding": 0,
            "displayYPadding": 0,
            "displayColorCjk": "",
            "displayColor": "",
            "displayMaxLineHeight": 0,
            "displayCjkSizeRatio": 0,
            "displayOptions": [],
            "displayPadZeros": 0,
            "displayType": "DESTINATION",
            "displayDefaultText": "",
            "doorXMultiplier": 0,
            "doorZMultiplier": 0,
            "doorAnimationType": "PLUG_FAST",
            "renderFromOpeningDoorTime": 0,
            "renderUntilOpeningDoorTime": 0,
            "renderFromClosingDoorTime": 0,
            "renderUntilClosingDoorTime": 0,
            "flashOffTime": 0,
            "flashOnTime": 0
        },
        {
            "names": [
                "doorlight_on"
            ],
            "positionDefinitions": [
                "cdab6543"
            ],
            "condition": "DOORS_OPENED",
            "renderStage": "LIGHT",
            "type": "NORMAL",
            "displayXPadding": 0,
            "displayYPadding": 0,
            "displayColorCjk": "",
            "displayColor": "",
            "displayMaxLineHeight": 0,
            "displayCjkSizeRatio": 0,
            "displayOptions": [],
            "displayPadZeros": 0,
            "displayType": "DESTINATION",
            "displayDefaultText": "",
            "doorXMultiplier": 0,
            "doorZMultiplier": 0,
            "doorAnimationType": "PLUG_FAST",
            "renderFromOpeningDoorTime": 0,
            "renderUntilOpeningDoorTime": 0,
            "renderFromClosingDoorTime": 0,
            "renderUntilClosingDoorTime": 0,
            "flashOffTime": 0,
            "flashOnTime": 0
        },
        {
            "names": [
                "ashbourne"
            ],
            "positionDefinitions": [
                "9adf5a71"
            ],
            "condition": "NORMAL",
            "renderStage": "INTERIOR",
            "type": "NORMAL",
            "displayXPadding": 0,
            "displayYPadding": 0,
            "displayColorCjk": "",
            "displayColor": "",
            "displayMaxLineHeight": 0,
            "displayCjkSizeRatio": 0,
            "displayOptions": [],
            "displayPadZeros": 0,
            "displayType": "DESTINATION",
            "displayDefaultText": "",
            "doorXMultiplier": 0,
            "doorZMultiplier": 0,
            "doorAnimationType": "PLUG_FAST",
            "renderFromOpeningDoorTime": 0,
            "renderUntilOpeningDoorTime": 0,
            "renderFromClosingDoorTime": 0,
            "renderUntilClosingDoorTime": 0,
            "flashOffTime": 0,
            "flashOnTime": 0
        },
        {
            "names": [
                "headlights_a"
            ],
            "positionDefinitions": [
                "8c691372"
            ],
            "condition": "ON_ROUTE_FORWARDS",
            "renderStage": "ALWAYS_ON_LIGHT",
            "type": "NORMAL",
            "displayXPadding": 0,
            "displayYPadding": 0,
            "displayColorCjk": "FF9900",
            "displayColor": "FF9900",
            "displayMaxLineHeight": 1.5,
            "displayCjkSizeRatio": 2,
            "displayOptions": [],
            "displayPadZeros": 0,
            "displayType": "DESTINATION",
            "displayDefaultText": "Not In Service",
            "doorXMultiplier": 0,
            "doorZMultiplier": 0,
            "doorAnimationType": "STANDARD",
            "renderFromOpeningDoorTime": 0,
            "renderUntilOpeningDoorTime": 0,
            "renderFromClosingDoorTime": 0,
            "renderUntilClosingDoorTime": 0,
            "flashOffTime": 0,
            "flashOnTime": 0
        },
        {
            "names": [
                "taillights_a"
            ],
            "positionDefinitions": [
                "25e0275d"
            ],
            "condition": "ON_ROUTE_BACKWARDS",
            "renderStage": "ALWAYS_ON_LIGHT",
            "type": "NORMAL",
            "displayXPadding": 0,
            "displayYPadding": 0,
            "displayColorCjk": "FF9900",
            "displayColor": "FF9900",
            "displayMaxLineHeight": 1.5,
            "displayCjkSizeRatio": 2,
            "displayOptions": [],
            "displayPadZeros": 0,
            "displayType": "DESTINATION",
            "displayDefaultText": "Not In Service",
            "doorXMultiplier": 0,
            "doorZMultiplier": 0,
            "doorAnimationType": "STANDARD",
            "renderFromOpeningDoorTime": 0,
            "renderUntilOpeningDoorTime": 0,
            "renderFromClosingDoorTime": 0,
            "renderUntilClosingDoorTime": 0,
            "flashOffTime": 0,
            "flashOnTime": 0
        },
        {
            "names": [
                "taillights_a"
            ],
            "positionDefinitions": [
                "8e072cb2"
            ],
            "condition": "AT_DEPOT",
            "renderStage": "ALWAYS_ON_LIGHT",
            "type": "NORMAL",
            "displayXPadding": 0,
            "displayYPadding": 0,
            "displayColorCjk": "FF9900",
            "displayColor": "FF9900",
            "displayMaxLineHeight": 1.5,
            "displayCjkSizeRatio": 2,
            "displayOptions": [],
            "displayPadZeros": 0,
            "displayType": "DESTINATION",
            "displayDefaultText": "Not In Service",
            "doorXMultiplier": 0,
            "doorZMultiplier": 0,
            "doorAnimationType": "STANDARD",
            "renderFromOpeningDoorTime": 0,
            "renderUntilOpeningDoorTime": 0,
            "renderFromClosingDoorTime": 0,
            "renderUntilClosingDoorTime": 0,
            "flashOffTime": 0,
            "flashOnTime": 0
        },
        {
            "names": [
                "headlights_b"
            ],
            "positionDefinitions": [
                "c5f96207"
            ],
            "condition": "ON_ROUTE_BACKWARDS",
            "renderStage": "ALWAYS_ON_LIGHT",
            "type": "NORMAL",
            "displayXPadding": 0,
            "displayYPadding": 0,
            "displayColorCjk": "FF9900",
            "displayColor": "FF9900",
            "displayMaxLineHeight": 1.5,
            "displayCjkSizeRatio": 2,
            "displayOptions": [],
            "displayPadZeros": 0,
            "displayType": "DESTINATION",
            "displayDefaultText": "Not In Service",
            "doorXMultiplier": 0,
            "doorZMultiplier": 0,
            "doorAnimationType": "STANDARD",
            "renderFromOpeningDoorTime": 0,
            "renderUntilOpeningDoorTime": 0,
            "renderFromClosingDoorTime": 0,
            "renderUntilClosingDoorTime": 0,
            "flashOffTime": 0,
            "flashOnTime": 0
        },
        {
            "names": [
                "taillights_b"
            ],
            "positionDefinitions": [
                "89b4bcef"
            ],
            "condition": "ON_ROUTE_FORWARDS",
            "renderStage": "ALWAYS_ON_LIGHT",
            "type": "NORMAL",
            "displayXPadding": 0,
            "displayYPadding": 0,
            "displayColorCjk": "FF9900",
            "displayColor": "FF9900",
            "displayMaxLineHeight": 1.5,
            "displayCjkSizeRatio": 2,
            "displayOptions": [],
            "displayPadZeros": 0,
            "displayType": "DESTINATION",
            "displayDefaultText": "Not In Service",
            "doorXMultiplier": 0,
            "doorZMultiplier": 0,
            "doorAnimationType": "STANDARD",
            "renderFromOpeningDoorTime": 0,
            "renderUntilOpeningDoorTime": 0,
            "renderFromClosingDoorTime": 0,
            "renderUntilClosingDoorTime": 0,
            "flashOffTime": 0,
            "flashOnTime": 0
        },
        {
            "names": [
                "taillights_b"
            ],
            "positionDefinitions": [
                "88662d8b"
            ],
            "condition": "AT_DEPOT",
            "renderStage": "ALWAYS_ON_LIGHT",
            "type": "NORMAL",
            "displayXPadding": 0,
            "displayYPadding": 0,
            "displayColorCjk": "FF9900",
            "displayColor": "FF9900",
            "displayMaxLineHeight": 1.5,
            "displayCjkSizeRatio": 2,
            "displayOptions": [],
            "displayPadZeros": 0,
            "displayType": "DESTINATION",
            "displayDefaultText": "Not In Service",
            "doorXMultiplier": 0,
            "doorZMultiplier": 0,
            "doorAnimationType": "STANDARD",
            "renderFromOpeningDoorTime": 0,
            "renderUntilOpeningDoorTime": 0,
            "renderFromClosingDoorTime": 0,
            "renderUntilClosingDoorTime": 0,
            "flashOffTime": 0,
            "flashOnTime": 0
        },
        {
            "names": [
                "floor"
            ],
            "positionDefinitions": [
                "f307edda"
            ],
            "condition": "NORMAL",
            "renderStage": "EXTERIOR",
            "type": "FLOOR",
            "displayXPadding": 0,
            "displayYPadding": 0,
            "displayColorCjk": "FF9900",
            "displayColor": "FF9900",
            "displayMaxLineHeight": 1.5,
            "displayCjkSizeRatio": 2,
            "displayOptions": [],
            "displayPadZeros": 0,
            "displayType": "DESTINATION",
            "displayDefaultText": "Not In Service",
            "doorXMultiplier": 0,
            "doorZMultiplier": 0,
            "doorAnimationType": "STANDARD",
            "renderFromOpeningDoorTime": 0,
            "renderUntilOpeningDoorTime": 0,
            "renderFromClosingDoorTime": 0,
            "renderUntilClosingDoorTime": 0,
            "flashOffTime": 0,
            "flashOnTime": 0
        },
        {
            "names": [
                "seats"
            ],
            "positionDefinitions": [
                "44240b32"
            ],
            "condition": "NORMAL",
            "renderStage": "EXTERIOR",
            "type": "SEAT",
            "displayXPadding": 0,
            "displayYPadding": 0,
            "displayColorCjk": "FF9900",
            "displayColor": "FF9900",
            "displayMaxLineHeight": 1.5,
            "displayCjkSizeRatio": 2,
            "displayOptions": [],
            "displayPadZeros": 0,
            "displayType": "DESTINATION",
            "displayDefaultText": "Not In Service",
            "doorXMultiplier": 0,
            "doorZMultiplier": 0,
            "doorAnimationType": "STANDARD",
            "renderFromOpeningDoorTime": 0,
            "renderUntilOpeningDoorTime": 0,
            "renderFromClosingDoorTime": 0,
            "renderUntilClosingDoorTime": 0,
            "flashOffTime": 0,
            "flashOnTime": 0
        },
        {
            "names": [
                "doorway"
            ],
            "positionDefinitions": [
                "6c758f8d"
            ],
            "condition": "NORMAL",
            "renderStage": "EXTERIOR",
            "type": "DOORWAY",
            "displayXPadding": 0,
            "displayYPadding": 0,
            "displayColorCjk": "FF9900",
            "displayColor": "FF9900",
            "displayMaxLineHeight": 1.5,
            "displayCjkSizeRatio": 2,
            "displayOptions": [],
            "displayPadZeros": 0,
            "displayType": "DESTINATION",
            "displayDefaultText": "Not In Service",
            "doorXMultiplier": 0,
            "doorZMultiplier": 0,
            "doorAnimationType": "STANDARD",
            "renderFromOpeningDoorTime": 0,
            "renderUntilOpeningDoorTime": 0,
            "renderFromClosingDoorTime": 0,
            "renderUntilClosingDoorTime": 0,
            "flashOffTime": 0,
            "flashOnTime": 0
        }
    ],
    "modelYOffset": 1,
    "gangwayInnerSideResource": "mtr:class153/153_connector_side.png",
    "gangwayInnerTopResource": "mtr:class153/153_connector_roof.png",
    "gangwayInnerBottomResource": "mtr:class153/153_connector_floor.png",
    "gangwayOuterSideResource": "mtr:class153/153_connector_exterior.png",
    "gangwayOuterTopResource": "mtr:class153/153_connector_exterior.png",
    "gangwayOuterBottomResource": "mtr:class153/153_connector_exterior.png",
    "gangwayWidth": 1.5,
    "gangwayHeight": 2.25,
    "gangwayYOffset": 1,
    "gangwayZOffset": 0.5,
    "barrierInnerSideResource": "_exterior.png",
    "barrierInnerTopResource": "",
    "barrierInnerBottomResource": "",
    "barrierOuterSideResource": "_exterior.png",
    "barrierOuterTopResource": "",
    "barrierOuterBottomResource": "",
    "barrierWidth": 2.25,
    "barrierHeight": 1,
    "barrierYOffset": 1.25,
    "barrierZOffset": 0.25
}