{
    "parts": [
        {
            "names": [
                "shell"
            ],
            "positionDefinitions": [
                "3f5cc0fa"
            ],
            "condition": "NORMAL",
            "renderStage": "EXTERIOR",
            "type": "NORMAL",
            "displayXPadding": 0,
            "displayYPadding": 0,
            "displayColorCjk": "",
            "displayColor": "",
            "displayMaxLineHeight": 0,
            "displayCjkSizeRatio": 0,
            "displayOptions": [],
            "displayPadZeros": 0,
            "displayType": "DESTINATION",
            "displayDefaultText": "",
            "doorXMultiplier": 0,
            "doorZMultiplier": 0,
            "doorAnimationType": "PLUG_FAST",
            "renderFromOpeningDoorTime": 0,
            "renderUntilOpeningDoorTime": 0,
            "renderFromClosingDoorTime": 0,
            "renderUntilClosingDoorTime": 0,
            "flashOffTime": 0,
            "flashOnTime": 0
        },
        {
            "names": [
                "roof_exterior"
            ],
            "positionDefinitions": [
                "57d45cbb"
            ],
            "condition": "NORMAL",
            "renderStage": "EXTERIOR",
            "type": "NORMAL",
            "displayXPadding": 0,
            "displayYPadding": 0,
            "displayColorCjk": "",
            "displayColor": "",
            "displayMaxLineHeight": 0,
            "displayCjkSizeRatio": 0,
            "displayOptions": [],
            "displayPadZeros": 0,
            "displayType": "DESTINATION",
            "displayDefaultText": "",
            "doorXMultiplier": 0,
            "doorZMultiplier": 0,
            "doorAnimationType": "PLUG_FAST",
            "renderFromOpeningDoorTime": 0,
            "renderUntilOpeningDoorTime": 0,
            "renderFromClosingDoorTime": 0,
            "renderUntilClosingDoorTime": 0,
            "flashOffTime": 0,
            "flashOnTime": 0
        },
        {
            "names": [
                "roof_exterior"
            ],
            "positionDefinitions": [
                "2def66f6"
            ],
            "condition": "NORMAL",
            "renderStage": "EXTERIOR",
            "type": "NORMAL",
            "displayXPadding": 0,
            "displayYPadding": 0,
            "displayColorCjk": "",
            "displayColor": "",
            "displayMaxLineHeight": 0,
            "displayCjkSizeRatio": 0,
            "displayOptions": [],
            "displayPadZeros": 0,
            "displayType": "DESTINATION",
            "displayDefaultText": "",
            "doorXMultiplier": 0,
            "doorZMultiplier": 0,
            "doorAnimationType": "PLUG_FAST",
            "renderFromOpeningDoorTime": 0,
            "renderUntilOpeningDoorTime": 0,
            "renderFromClosingDoorTime": 0,
            "renderUntilClosingDoorTime": 0,
            "flashOffTime": 0,
            "flashOnTime": 0
        },
        {
            "names": [
                "window_exterior_1"
            ],
            "positionDefinitions": [
                "a1bc00e2"
            ],
            "condition": "NORMAL",
            "renderStage": "EXTERIOR",
            "type": "NORMAL",
            "displayXPadding": 0,
            "displayYPadding": 0,
            "displayColorCjk": "",
            "displayColor": "",
            "displayMaxLineHeight": 0,
            "displayCjkSizeRatio": 0,
            "displayOptions": [],
            "displayPadZeros": 0,
            "displayType": "DESTINATION",
            "displayDefaultText": "",
            "doorXMultiplier": 0,
            "doorZMultiplier": 0,
            "doorAnimationType": "PLUG_FAST",
            "renderFromOpeningDoorTime": 0,
            "renderUntilOpeningDoorTime": 0,
            "renderFromClosingDoorTime": 0,
            "renderUntilClosingDoorTime": 0,
            "flashOffTime": 0,
            "flashOnTime": 0
        },
        {
            "names": [
                "window_exterior_2"
            ],
            "positionDefinitions": [
                "ffc670c7"
            ],
            "condition": "NORMAL",
            "renderStage": "EXTERIOR",
            "type": "NORMAL",
            "displayXPadding": 0,
            "displayYPadding": 0,
            "displayColorCjk": "",
            "displayColor": "",
            "displayMaxLineHeight": 0,
            "displayCjkSizeRatio": 0,
            "displayOptions": [],
            "displayPadZeros": 0,
            "displayType": "DESTINATION",
            "displayDefaultText": "",
            "doorXMultiplier": 0,
            "doorZMultiplier": 0,
            "doorAnimationType": "PLUG_FAST",
            "renderFromOpeningDoorTime": 0,
            "renderUntilOpeningDoorTime": 0,
            "renderFromClosingDoorTime": 0,
            "renderUntilClosingDoorTime": 0,
            "flashOffTime": 0,
            "flashOnTime": 0
        },
        {
            "names": [
                "window_exterior_3"
            ],
            "positionDefinitions": [
                "994c2f8a"
            ],
            "condition": "NORMAL",
            "renderStage": "EXTERIOR",
            "type": "NORMAL",
            "displayXPadding": 0,
            "displayYPadding": 0,
            "displayColorCjk": "",
            "displayColor": "",
            "displayMaxLineHeight": 0,
            "displayCjkSizeRatio": 0,
            "displayOptions": [],
            "displayPadZeros": 0,
            "displayType": "DESTINATION",
            "displayDefaultText": "",
            "doorXMultiplier": 0,
            "doorZMultiplier": 0,
            "doorAnimationType": "PLUG_FAST",
            "renderFromOpeningDoorTime": 0,
            "renderUntilOpeningDoorTime": 0,
            "renderFromClosingDoorTime": 0,
            "renderUntilClosingDoorTime": 0,
            "flashOffTime": 0,
            "flashOnTime": 0
        },
        {
            "names": [
                "window_exterior_4"
            ],
            "positionDefinitions": [
                "55e9b866"
            ],
            "condition": "NORMAL",
            "renderStage": "EXTERIOR",
            "type": "NORMAL",
            "displayXPadding": 0,
            "displayYPadding": 0,
            "displayColorCjk": "",
            "displayColor": "",
            "displayMaxLineHeight": 0,
            "displayCjkSizeRatio": 0,
            "displayOptions": [],
            "displayPadZeros": 0,
            "displayType": "DESTINATION",
            "displayDefaultText": "",
            "doorXMultiplier": 0,
            "doorZMultiplier": 0,
            "doorAnimationType": "PLUG_FAST",
            "renderFromOpeningDoorTime": 0,
            "renderUntilOpeningDoorTime": 0,
            "renderFromClosingDoorTime": 0,
            "renderUntilClosingDoorTime": 0,
            "flashOffTime": 0,
            "flashOnTime": 0
        },
        {
            "names": [
                "window_exterior_5"
            ],
            "positionDefinitions": [
                "6a65df85"
            ],
            "condition": "NORMAL",
            "renderStage": "EXTERIOR",
            "type": "NORMAL",
            "displayXPadding": 0,
            "displayYPadding": 0,
            "displayColorCjk": "",
            "displayColor": "",
            "displayMaxLineHeight": 0,
            "displayCjkSizeRatio": 0,
            "displayOptions": [],
            "displayPadZeros": 0,
            "displayType": "DESTINATION",
            "displayDefaultText": "",
            "doorXMultiplier": 0,
            "doorZMultiplier": 0,
            "doorAnimationType": "PLUG_FAST",
            "renderFromOpeningDoorTime": 0,
            "renderUntilOpeningDoorTime": 0,
            "renderFromClosingDoorTime": 0,
            "renderUntilClosingDoorTime": 0,
            "flashOffTime": 0,
            "flashOnTime": 0
        },
        {
            "names": [
                "window_exterior_6"
            ],
            "positionDefinitions": [
                "1ac84cf9"
            ],
            "condition": "NORMAL",
            "renderStage": "EXTERIOR",
            "type": "NORMAL",
            "displayXPadding": 0,
            "displayYPadding": 0,
            "displayColorCjk": "",
            "displayColor": "",
            "displayMaxLineHeight": 0,
            "displayCjkSizeRatio": 0,
            "displayOptions": [],
            "displayPadZeros": 0,
            "displayType": "DESTINATION",
            "displayDefaultText": "",
            "doorXMultiplier": 0,
            "doorZMultiplier": 0,
            "doorAnimationType": "PLUG_FAST",
            "renderFromOpeningDoorTime": 0,
            "renderUntilOpeningDoorTime": 0,
            "renderFromClosingDoorTime": 0,
            "renderUntilClosingDoorTime": 0,
            "flashOffTime": 0,
            "flashOnTime": 0
        },
        {
            "names": [
                "window_exterior_7"
            ],
            "positionDefinitions": [
                "6f8e8a8c"
            ],
            "condition": "NORMAL",
            "renderStage": "EXTERIOR",
            "type": "NORMAL",
            "displayXPadding": 0,
            "displayYPadding": 0,
            "displayColorCjk": "",
            "displayColor": "",
            "displayMaxLineHeight": 0,
            "displayCjkSizeRatio": 0,
            "displayOptions": [],
            "displayPadZeros": 0,
            "displayType": "DESTINATION",
            "displayDefaultText": "",
            "doorXMultiplier": 0,
            "doorZMultiplier": 0,
            "doorAnimationType": "PLUG_FAST",
            "renderFromOpeningDoorTime": 0,
            "renderUntilOpeningDoorTime": 0,
            "renderFromClosingDoorTime": 0,
            "renderUntilClosingDoorTime": 0,
            "flashOffTime": 0,
            "flashOnTime": 0
        },
        {
            "names": [
                "window_exterior_8"
            ],
            "positionDefinitions": [
                "720c678a"
            ],
            "condition": "NORMAL",
            "renderStage": "EXTERIOR",
            "type": "NORMAL",
            "displayXPadding": 0,
            "displayYPadding": 0,
            "displayColorCjk": "",
            "displayColor": "",
            "displayMaxLineHeight": 0,
            "displayCjkSizeRatio": 0,
            "displayOptions": [],
            "displayPadZeros": 0,
            "displayType": "DESTINATION",
            "displayDefaultText": "",
            "doorXMultiplier": 0,
            "doorZMultiplier": 0,
            "doorAnimationType": "PLUG_FAST",
            "renderFromOpeningDoorTime": 0,
            "renderUntilOpeningDoorTime": 0,
            "renderFromClosingDoorTime": 0,
            "renderUntilClosingDoorTime": 0,
            "flashOffTime": 0,
            "flashOnTime": 0
        },
        {
            "names": [
                "window_exterior_9"
            ],
            "positionDefinitions": [
                "9e214493"
            ],
            "condition": "NORMAL",
            "renderStage": "EXTERIOR",
            "type": "NORMAL",
            "displayXPadding": 0,
            "displayYPadding": 0,
            "displayColorCjk": "",
            "displayColor": "",
            "displayMaxLineHeight": 0,
            "displayCjkSizeRatio": 0,
            "displayOptions": [],
            "displayPadZeros": 0,
            "displayType": "DESTINATION",
            "displayDefaultText": "",
            "doorXMultiplier": 0,
            "doorZMultiplier": 0,
            "doorAnimationType": "PLUG_FAST",
            "renderFromOpeningDoorTime": 0,
            "renderUntilOpeningDoorTime": 0,
            "renderFromClosingDoorTime": 0,
            "renderUntilClosingDoorTime": 0,
            "flashOffTime": 0,
            "flashOnTime": 0
        },
        {
            "names": [
                "window_exterior_10"
            ],
            "positionDefinitions": [
                "a3bdf716"
            ],
            "condition": "NORMAL",
            "renderStage": "EXTERIOR",
            "type": "NORMAL",
            "displayXPadding": 0,
            "displayYPadding": 0,
            "displayColorCjk": "",
            "displayColor": "",
            "displayMaxLineHeight": 0,
            "displayCjkSizeRatio": 0,
            "displayOptions": [],
            "displayPadZeros": 0,
            "displayType": "DESTINATION",
            "displayDefaultText": "",
            "doorXMultiplier": 0,
            "doorZMultiplier": 0,
            "doorAnimationType": "PLUG_FAST",
            "renderFromOpeningDoorTime": 0,
            "renderUntilOpeningDoorTime": 0,
            "renderFromClosingDoorTime": 0,
            "renderUntilClosingDoorTime": 0,
            "flashOffTime": 0,
            "flashOnTime": 0
        },
        {
            "names": [
                "window_exterior_11"
            ],
            "positionDefinitions": [
                "fd6ec7ae"
            ],
            "condition": "NORMAL",
            "renderStage": "EXTERIOR",
            "type": "NORMAL",
            "displayXPadding": 0,
            "displayYPadding": 0,
            "displayColorCjk": "",
            "displayColor": "",
            "displayMaxLineHeight": 0,
            "displayCjkSizeRatio": 0,
            "displayOptions": [],
            "displayPadZeros": 0,
            "displayType": "DESTINATION",
            "displayDefaultText": "",
            "doorXMultiplier": 0,
            "doorZMultiplier": 0,
            "doorAnimationType": "PLUG_FAST",
            "renderFromOpeningDoorTime": 0,
            "renderUntilOpeningDoorTime": 0,
            "renderFromClosingDoorTime": 0,
            "renderUntilClosingDoorTime": 0,
            "flashOffTime": 0,
            "flashOnTime": 0
        },
        {
            "names": [
                "window_exterior_12"
            ],
            "positionDefinitions": [
                "ae25f7f5"
            ],
            "condition": "NORMAL",
            "renderStage": "EXTERIOR",
            "type": "NORMAL",
            "displayXPadding": 0,
            "displayYPadding": 0,
            "displayColorCjk": "",
            "displayColor": "",
            "displayMaxLineHeight": 0,
            "displayCjkSizeRatio": 0,
            "displayOptions": [],
            "displayPadZeros": 0,
            "displayType": "DESTINATION",
            "displayDefaultText": "",
            "doorXMultiplier": 0,
            "doorZMultiplier": 0,
            "doorAnimationType": "PLUG_FAST",
            "renderFromOpeningDoorTime": 0,
            "renderUntilOpeningDoorTime": 0,
            "renderFromClosingDoorTime": 0,
            "renderUntilClosingDoorTime": 0,
            "flashOffTime": 0,
            "flashOnTime": 0
        },
        {
            "names": [
                "door_exterior"
            ],
            "positionDefinitions": [
                "7afaa116"
            ],
            "condition": "NORMAL",
            "renderStage": "EXTERIOR",
            "type": "NORMAL",
            "displayXPadding": 0,
            "displayYPadding": 0,
            "displayColorCjk": "",
            "displayColor": "",
            "displayMaxLineHeight": 0,
            "displayCjkSizeRatio": 0,
            "displayOptions": [],
            "displayPadZeros": 0,
            "displayType": "DESTINATION",
            "displayDefaultText": "",
            "doorXMultiplier": -1,
            "doorZMultiplier": -16,
            "doorAnimationType": "PLUG_FAST",
            "renderFromOpeningDoorTime": 0,
            "renderUntilOpeningDoorTime": 0,
            "renderFromClosingDoorTime": 0,
            "renderUntilClosingDoorTime": 0,
            "flashOffTime": 0,
            "flashOnTime": 0
        },
        {
            "names": [
                "door"
            ],
            "positionDefinitions": [
                "14b36a4d"
            ],
            "condition": "NORMAL",
            "renderStage": "INTERIOR",
            "type": "NORMAL",
            "displayXPadding": 0,
            "displayYPadding": 0,
            "displayColorCjk": "",
            "displayColor": "",
            "displayMaxLineHeight": 0,
            "displayCjkSizeRatio": 0,
            "displayOptions": [],
            "displayPadZeros": 0,
            "displayType": "DESTINATION",
            "displayDefaultText": "",
            "doorXMultiplier": -1,
            "doorZMultiplier": -16,
            "doorAnimationType": "PLUG_FAST",
            "renderFromOpeningDoorTime": 0,
            "renderUntilOpeningDoorTime": 0,
            "renderFromClosingDoorTime": 0,
            "renderUntilClosingDoorTime": 0,
            "flashOffTime": 0,
            "flashOnTime": 0
        },
        {
            "names": [
                "door_exterior"
            ],
            "positionDefinitions": [
                "b19ff829"
            ],
            "condition": "NORMAL",
            "renderStage": "EXTERIOR",
            "type": "NORMAL",
            "displayXPadding": 0,
            "displayYPadding": 0,
            "displayColorCjk": "",
            "displayColor": "",
            "displayMaxLineHeight": 0,
            "displayCjkSizeRatio": 0,
            "displayOptions": [],
            "displayPadZeros": 0,
            "displayType": "DESTINATION",
            "displayDefaultText": "",
            "doorXMultiplier": -1,
            "doorZMultiplier": -16,
            "doorAnimationType": "PLUG_FAST",
            "renderFromOpeningDoorTime": 0,
            "renderUntilOpeningDoorTime": 0,
            "renderFromClosingDoorTime": 0,
            "renderUntilClosingDoorTime": 0,
            "flashOffTime": 0,
            "flashOnTime": 0
        },
        {
            "names": [
                "door"
            ],
            "positionDefinitions": [
                "23cc6801"
            ],
            "condition": "NORMAL",
            "renderStage": "INTERIOR",
            "type": "NORMAL",
            "displayXPadding": 0,
            "displayYPadding": 0,
            "displayColorCjk": "",
            "displayColor": "",
            "displayMaxLineHeight": 0,
            "displayCjkSizeRatio": 0,
            "displayOptions": [],
            "displayPadZeros": 0,
            "displayType": "DESTINATION",
            "displayDefaultText": "",
            "doorXMultiplier": -1,
            "doorZMultiplier": -16,
            "doorAnimationType": "PLUG_FAST",
            "renderFromOpeningDoorTime": 0,
            "renderUntilOpeningDoorTime": 0,
            "renderFromClosingDoorTime": 0,
            "renderUntilClosingDoorTime": 0,
            "flashOffTime": 0,
            "flashOnTime": 0
        },
        {
            "names": [
                "door_exterior_flip"
            ],
            "positionDefinitions": [
                "588f000f"
            ],
            "condition": "NORMAL",
            "renderStage": "EXTERIOR",
            "type": "NORMAL",
            "displayXPadding": 0,
            "displayYPadding": 0,
            "displayColorCjk": "",
            "displayColor": "",
            "displayMaxLineHeight": 0,
            "displayCjkSizeRatio": 0,
            "displayOptions": [],
            "displayPadZeros": 0,
            "displayType": "DESTINATION",
            "displayDefaultText": "",
            "doorXMultiplier": -1,
            "doorZMultiplier": 16,
            "doorAnimationType": "PLUG_FAST",
            "renderFromOpeningDoorTime": 0,
            "renderUntilOpeningDoorTime": 0,
            "renderFromClosingDoorTime": 0,
            "renderUntilClosingDoorTime": 0,
            "flashOffTime": 0,
            "flashOnTime": 0
        },
        {
            "names": [
                "door_flip"
            ],
            "positionDefinitions": [
                "cf62eddf"
            ],
            "condition": "NORMAL",
            "renderStage": "INTERIOR",
            "type": "NORMAL",
            "displayXPadding": 0,
            "displayYPadding": 0,
            "displayColorCjk": "",
            "displayColor": "",
            "displayMaxLineHeight": 0,
            "displayCjkSizeRatio": 0,
            "displayOptions": [],
            "displayPadZeros": 0,
            "displayType": "DESTINATION",
            "displayDefaultText": "",
            "doorXMultiplier": -1,
            "doorZMultiplier": 16,
            "doorAnimationType": "PLUG_FAST",
            "renderFromOpeningDoorTime": 0,
            "renderUntilOpeningDoorTime": 0,
            "renderFromClosingDoorTime": 0,
            "renderUntilClosingDoorTime": 0,
            "flashOffTime": 0,
            "flashOnTime": 0
        },
        {
            "names": [
                "door_exterior_flip"
            ],
            "positionDefinitions": [
                "e593aef5"
            ],
            "condition": "NORMAL",
            "renderStage": "EXTERIOR",
            "type": "NORMAL",
            "displayXPadding": 0,
            "displayYPadding": 0,
            "displayColorCjk": "",
            "displayColor": "",
            "displayMaxLineHeight": 0,
            "displayCjkSizeRatio": 0,
            "displayOptions": [],
            "displayPadZeros": 0,
            "displayType": "DESTINATION",
            "displayDefaultText": "",
            "doorXMultiplier": -1,
            "doorZMultiplier": 16,
            "doorAnimationType": "PLUG_FAST",
            "renderFromOpeningDoorTime": 0,
            "renderUntilOpeningDoorTime": 0,
            "renderFromClosingDoorTime": 0,
            "renderUntilClosingDoorTime": 0,
            "flashOffTime": 0,
            "flashOnTime": 0
        },
        {
            "names": [
                "door_flip"
            ],
            "positionDefinitions": [
                "b8082f6e"
            ],
            "condition": "NORMAL",
            "renderStage": "INTERIOR",
            "type": "NORMAL",
            "displayXPadding": 0,
            "displayYPadding": 0,
            "displayColorCjk": "",
            "displayColor": "",
            "displayMaxLineHeight": 0,
            "displayCjkSizeRatio": 0,
            "displayOptions": [],
            "displayPadZeros": 0,
            "displayType": "DESTINATION",
            "displayDefaultText": "",
            "doorXMultiplier": -1,
            "doorZMultiplier": 16,
            "doorAnimationType": "PLUG_FAST",
            "renderFromOpeningDoorTime": 0,
            "renderUntilOpeningDoorTime": 0,
            "renderFromClosingDoorTime": 0,
            "renderUntilClosingDoorTime": 0,
            "flashOffTime": 0,
            "flashOnTime": 0
        },
        {
            "names": [
                "interior"
            ],
            "positionDefinitions": [
                "9ef7fe81"
            ],
            "condition": "NORMAL",
            "renderStage": "INTERIOR",
            "type": "NORMAL",
            "displayXPadding": 0,
            "displayYPadding": 0,
            "displayColorCjk": "",
            "displayColor": "",
            "displayMaxLineHeight": 0,
            "displayCjkSizeRatio": 0,
            "displayOptions": [],
            "displayPadZeros": 0,
            "displayType": "DESTINATION",
            "displayDefaultText": "",
            "doorXMultiplier": 0,
            "doorZMultiplier": 0,
            "doorAnimationType": "PLUG_FAST",
            "renderFromOpeningDoorTime": 0,
            "renderUntilOpeningDoorTime": 0,
            "renderFromClosingDoorTime": 0,
            "renderUntilClosingDoorTime": 0,
            "flashOffTime": 0,
            "flashOnTime": 0
        },
        {
            "names": [
                "lights"
            ],
            "positionDefinitions": [
                "aea10ad9"
            ],
            "condition": "NORMAL",
            "renderStage": "LIGHT",
            "type": "NORMAL",
            "displayXPadding": 0,
            "displayYPadding": 0,
            "displayColorCjk": "",
            "displayColor": "",
            "displayMaxLineHeight": 0,
            "displayCjkSizeRatio": 0,
            "displayOptions": [],
            "displayPadZeros": 0,
            "displayType": "DESTINATION",
            "displayDefaultText": "",
            "doorXMultiplier": 0,
            "doorZMultiplier": 0,
            "doorAnimationType": "PLUG_FAST",
            "renderFromOpeningDoorTime": 0,
            "renderUntilOpeningDoorTime": 0,
            "renderFromClosingDoorTime": 0,
            "renderUntilClosingDoorTime": 0,
            "flashOffTime": 0,
            "flashOnTime": 0
        },
        {
            "names": [
                "lights_2"
            ],
            "positionDefinitions": [
                "2732492d"
            ],
            "condition": "NORMAL",
            "renderStage": "INTERIOR",
            "type": "NORMAL",
            "displayXPadding": 0,
            "displayYPadding": 0,
            "displayColorCjk": "",
            "displayColor": "",
            "displayMaxLineHeight": 0,
            "displayCjkSizeRatio": 0,
            "displayOptions": [],
            "displayPadZeros": 0,
            "displayType": "DESTINATION",
            "displayDefaultText": "",
            "doorXMultiplier": 0,
            "doorZMultiplier": 0,
            "doorAnimationType": "PLUG_FAST",
            "renderFromOpeningDoorTime": 0,
            "renderUntilOpeningDoorTime": 0,
            "renderFromClosingDoorTime": 0,
            "renderUntilClosingDoorTime": 0,
            "flashOffTime": 0,
            "flashOnTime": 0
        },
        {
            "names": [
                "window"
            ],
            "positionDefinitions": [
                "f4fcf5ff"
            ],
            "condition": "NORMAL",
            "renderStage": "INTERIOR",
            "type": "NORMAL",
            "displayXPadding": 0,
            "displayYPadding": 0,
            "displayColorCjk": "",
            "displayColor": "",
            "displayMaxLineHeight": 0,
            "displayCjkSizeRatio": 0,
            "displayOptions": [],
            "displayPadZeros": 0,
            "displayType": "DESTINATION",
            "displayDefaultText": "",
            "doorXMultiplier": 0,
            "doorZMultiplier": 0,
            "doorAnimationType": "PLUG_FAST",
            "renderFromOpeningDoorTime": 0,
            "renderUntilOpeningDoorTime": 0,
            "renderFromClosingDoorTime": 0,
            "renderUntilClosingDoorTime": 0,
            "flashOffTime": 0,
            "flashOnTime": 0
        },
        {
            "names": [
                "window"
            ],
            "positionDefinitions": [
                "9836074b"
            ],
            "condition": "NORMAL",
            "renderStage": "INTERIOR",
            "type": "NORMAL",
            "displayXPadding": 0,
            "displayYPadding": 0,
            "displayColorCjk": "",
            "displayColor": "",
            "displayMaxLineHeight": 0,
            "displayCjkSizeRatio": 0,
            "displayOptions": [],
            "displayPadZeros": 0,
            "displayType": "DESTINATION",
            "displayDefaultText": "",
            "doorXMultiplier": 0,
            "doorZMultiplier": 0,
            "doorAnimationType": "PLUG_FAST",
            "renderFromOpeningDoorTime": 0,
            "renderUntilOpeningDoorTime": 0,
            "renderFromClosingDoorTime": 0,
            "renderUntilClosingDoorTime": 0,
            "flashOffTime": 0,
            "flashOnTime": 0
        },
        {
            "names": [
                "ashbourne"
            ],
            "positionDefinitions": [
                "eabf833e"
            ],
            "condition": "NORMAL",
            "renderStage": "INTERIOR",
            "type": "NORMAL",
            "displayXPadding": 0,
            "displayYPadding": 0,
            "displayColorCjk": "",
            "displayColor": "",
            "displayMaxLineHeight": 0,
            "displayCjkSizeRatio": 0,
            "displayOptions": [],
            "displayPadZeros": 0,
            "displayType": "DESTINATION",
            "displayDefaultText": "",
            "doorXMultiplier": 0,
            "doorZMultiplier": 0,
            "doorAnimationType": "PLUG_FAST",
            "renderFromOpeningDoorTime": 0,
            "renderUntilOpeningDoorTime": 0,
            "renderFromClosingDoorTime": 0,
            "renderUntilClosingDoorTime": 0,
            "flashOffTime": 0,
            "flashOnTime": 0
        },
        {
            "names": [
                "lights_tube"
            ],
            "positionDefinitions": [
                "a77b4a7d"
            ],
            "condition": "NORMAL",
            "renderStage": "LIGHT",
            "type": "NORMAL",
            "displayXPadding": 0,
            "displayYPadding": 0,
            "displayColorCjk": "",
            "displayColor": "",
            "displayMaxLineHeight": 0,
            "displayCjkSizeRatio": 0,
            "displayOptions": [],
            "displayPadZeros": 0,
            "displayType": "DESTINATION",
            "displayDefaultText": "",
            "doorXMultiplier": 0,
            "doorZMultiplier": 0,
            "doorAnimationType": "PLUG_FAST",
            "renderFromOpeningDoorTime": 0,
            "renderUntilOpeningDoorTime": 0,
            "renderFromClosingDoorTime": 0,
            "renderUntilClosingDoorTime": 0,
            "flashOffTime": 0,
            "flashOnTime": 0
        },
        {
            "names": [
                "doorlight_off"
            ],
            "positionDefinitions": [
                "e096fdd5"
            ],
            "condition": "DOORS_CLOSED",
            "renderStage": "EXTERIOR",
            "type": "NORMAL",
            "displayXPadding": 0,
            "displayYPadding": 0,
            "displayColorCjk": "",
            "displayColor": "",
            "displayMaxLineHeight": 0,
            "displayCjkSizeRatio": 0,
            "displayOptions": [],
            "displayPadZeros": 0,
            "displayType": "DESTINATION",
            "displayDefaultText": "",
            "doorXMultiplier": 0,
            "doorZMultiplier": 0,
            "doorAnimationType": "PLUG_FAST",
            "renderFromOpeningDoorTime": 0,
            "renderUntilOpeningDoorTime": 0,
            "renderFromClosingDoorTime": 0,
            "renderUntilClosingDoorTime": 0,
            "flashOffTime": 0,
            "flashOnTime": 0
        },
        {
            "names": [
                "doorlight_on"
            ],
            "positionDefinitions": [
                "880369b6"
            ],
            "condition": "DOORS_OPENED",
            "renderStage": "LIGHT",
            "type": "NORMAL",
            "displayXPadding": 0,
            "displayYPadding": 0,
            "displayColorCjk": "",
            "displayColor": "",
            "displayMaxLineHeight": 0,
            "displayCjkSizeRatio": 0,
            "displayOptions": [],
            "displayPadZeros": 0,
            "displayType": "DESTINATION",
            "displayDefaultText": "",
            "doorXMultiplier": 0,
            "doorZMultiplier": 0,
            "doorAnimationType": "PLUG_FAST",
            "renderFromOpeningDoorTime": 0,
            "renderUntilOpeningDoorTime": 0,
            "renderFromClosingDoorTime": 0,
            "renderUntilClosingDoorTime": 0,
            "flashOffTime": 0,
            "flashOnTime": 0
        },
        {
            "names": [
                "display_front_a"
            ],
            "positionDefinitions": [
                "679e2867"
            ],
            "condition": "NORMAL",
            "renderStage": "EXTERIOR",
            "type": "DISPLAY",
            "displayXPadding": 0,
            "displayYPadding": 0,
            "displayColorCjk": "FF9900",
            "displayColor": "FF9900",
            "displayMaxLineHeight": 0,
            "displayCjkSizeRatio": 0,
            "displayOptions": [
                "SCROLL_NORMAL",
                "SINGLE_LINE"
            ],
            "displayPadZeros": 0,
            "displayType": "DESTINATION",
            "displayDefaultText": "",
            "doorXMultiplier": 0,
            "doorZMultiplier": 0,
            "doorAnimationType": "PLUG_FAST",
            "renderFromOpeningDoorTime": 0,
            "renderUntilOpeningDoorTime": 0,
            "renderFromClosingDoorTime": 0,
            "renderUntilClosingDoorTime": 0,
            "flashOffTime": 0,
            "flashOnTime": 0
        },
        {
            "names": [
                "display_front_b"
            ],
            "positionDefinitions": [
                "4e2e7b7c"
            ],
            "condition": "NORMAL",
            "renderStage": "EXTERIOR",
            "type": "DISPLAY",
            "displayXPadding": 0,
            "displayYPadding": 0,
            "displayColorCjk": "FF9900",
            "displayColor": "FF9900",
            "displayMaxLineHeight": 0,
            "displayCjkSizeRatio": 0,
            "displayOptions": [
                "SCROLL_NORMAL",
                "SINGLE_LINE"
            ],
            "displayPadZeros": 0,
            "displayType": "DESTINATION",
            "displayDefaultText": "",
            "doorXMultiplier": 0,
            "doorZMultiplier": 0,
            "doorAnimationType": "PLUG_FAST",
            "renderFromOpeningDoorTime": 0,
            "renderUntilOpeningDoorTime": 0,
            "renderFromClosingDoorTime": 0,
            "renderUntilClosingDoorTime": 0,
            "flashOffTime": 0,
            "flashOnTime": 0
        },
        {
            "names": [
                "display_interior"
            ],
            "positionDefinitions": [
                "a9e1d7f9"
            ],
            "condition": "NORMAL",
            "renderStage": "EXTERIOR",
            "type": "DISPLAY",
            "displayXPadding": 0,
            "displayYPadding": 0,
            "displayColorCjk": "FF9900",
            "displayColor": "FF9900",
            "displayMaxLineHeight": 0,
            "displayCjkSizeRatio": 0,
            "displayOptions": [
                "SCROLL_NORMAL"
            ],
            "displayPadZeros": 0,
            "displayType": "NEXT_STATION_UK",
            "displayDefaultText": "",
            "doorXMultiplier": 0,
            "doorZMultiplier": 0,
            "doorAnimationType": "PLUG_FAST",
            "renderFromOpeningDoorTime": 0,
            "renderUntilOpeningDoorTime": 0,
            "renderFromClosingDoorTime": 0,
            "renderUntilClosingDoorTime": 0,
            "flashOffTime": 0,
            "flashOnTime": 0
        },
        {
            "names": [
                "doorlight_off"
            ],
            "positionDefinitions": [
                "e92af3da"
            ],
            "condition": "DOORS_CLOSED",
            "renderStage": "EXTERIOR",
            "type": "NORMAL",
            "displayXPadding": 0,
            "displayYPadding": 0,
            "displayColorCjk": "",
            "displayColor": "",
            "displayMaxLineHeight": 0,
            "displayCjkSizeRatio": 0,
            "displayOptions": [],
            "displayPadZeros": 0,
            "displayType": "DESTINATION",
            "displayDefaultText": "",
            "doorXMultiplier": 0,
            "doorZMultiplier": 0,
            "doorAnimationType": "PLUG_FAST",
            "renderFromOpeningDoorTime": 0,
            "renderUntilOpeningDoorTime": 0,
            "renderFromClosingDoorTime": 0,
            "renderUntilClosingDoorTime": 0,
            "flashOffTime": 0,
            "flashOnTime": 0
        },
        {
            "names": [
                "doorlight_on"
            ],
            "positionDefinitions": [
                "3c58a485"
            ],
            "condition": "DOORS_OPENED",
            "renderStage": "LIGHT",
            "type": "NORMAL",
            "displayXPadding": 0,
            "displayYPadding": 0,
            "displayColorCjk": "",
            "displayColor": "",
            "displayMaxLineHeight": 0,
            "displayCjkSizeRatio": 0,
            "displayOptions": [],
            "displayPadZeros": 0,
            "displayType": "DESTINATION",
            "displayDefaultText": "",
            "doorXMultiplier": 0,
            "doorZMultiplier": 0,
            "doorAnimationType": "PLUG_FAST",
            "renderFromOpeningDoorTime": 0,
            "renderUntilOpeningDoorTime": 0,
            "renderFromClosingDoorTime": 0,
            "renderUntilClosingDoorTime": 0,
            "flashOffTime": 0,
            "flashOnTime": 0
        },
        {
            "names": [
                "headlights_a"
            ],
            "positionDefinitions": [
                "906a942e"
            ],
            "condition": "ON_ROUTE_BACKWARDS",
            "renderStage": "ALWAYS_ON_LIGHT",
            "type": "NORMAL",
            "displayXPadding": 0,
            "displayYPadding": 0,
            "displayColorCjk": "FF9900",
            "displayColor": "FF9900",
            "displayMaxLineHeight": 1.5,
            "displayCjkSizeRatio": 2,
            "displayOptions": [],
            "displayPadZeros": 0,
            "displayType": "DESTINATION",
            "displayDefaultText": "Not In Service",
            "doorXMultiplier": 0,
            "doorZMultiplier": 0,
            "doorAnimationType": "STANDARD",
            "renderFromOpeningDoorTime": 0,
            "renderUntilOpeningDoorTime": 0,
            "renderFromClosingDoorTime": 0,
            "renderUntilClosingDoorTime": 0,
            "flashOffTime": 0,
            "flashOnTime": 0
        },
        {
            "names": [
                "taillights_a"
            ],
            "positionDefinitions": [
                "e3ec008d"
            ],
            "condition": "ON_ROUTE_FORWARDS",
            "renderStage": "ALWAYS_ON_LIGHT",
            "type": "NORMAL",
            "displayXPadding": 0,
            "displayYPadding": 0,
            "displayColorCjk": "FF9900",
            "displayColor": "FF9900",
            "displayMaxLineHeight": 1.5,
            "displayCjkSizeRatio": 2,
            "displayOptions": [],
            "displayPadZeros": 0,
            "displayType": "DESTINATION",
            "displayDefaultText": "Not In Service",
            "doorXMultiplier": 0,
            "doorZMultiplier": 0,
            "doorAnimationType": "STANDARD",
            "renderFromOpeningDoorTime": 0,
            "renderUntilOpeningDoorTime": 0,
            "renderFromClosingDoorTime": 0,
            "renderUntilClosingDoorTime": 0,
            "flashOffTime": 0,
            "flashOnTime": 0
        },
        {
            "names": [
                "taillights_a"
            ],
            "positionDefinitions": [
                "5cfd5f6b"
            ],
            "condition": "AT_DEPOT",
            "renderStage": "ALWAYS_ON_LIGHT",
            "type": "NORMAL",
            "displayXPadding": 0,
            "displayYPadding": 0,
            "displayColorCjk": "FF9900",
            "displayColor": "FF9900",
            "displayMaxLineHeight": 1.5,
            "displayCjkSizeRatio": 2,
            "displayOptions": [],
            "displayPadZeros": 0,
            "displayType": "DESTINATION",
            "displayDefaultText": "Not In Service",
            "doorXMultiplier": 0,
            "doorZMultiplier": 0,
            "doorAnimationType": "STANDARD",
            "renderFromOpeningDoorTime": 0,
            "renderUntilOpeningDoorTime": 0,
            "renderFromClosingDoorTime": 0,
            "renderUntilClosingDoorTime": 0,
            "flashOffTime": 0,
            "flashOnTime": 0
        },
        {
            "names": [
                "headlights_b"
            ],
            "positionDefinitions": [
                "cba0b3b3"
            ],
            "condition": "ON_ROUTE_FORWARDS",
            "renderStage": "ALWAYS_ON_LIGHT",
            "type": "NORMAL",
            "displayXPadding": 0,
            "displayYPadding": 0,
            "displayColorCjk": "FF9900",
            "displayColor": "FF9900",
            "displayMaxLineHeight": 1.5,
            "displayCjkSizeRatio": 2,
            "displayOptions": [],
            "displayPadZeros": 0,
            "displayType": "DESTINATION",
            "displayDefaultText": "Not In Service",
            "doorXMultiplier": 0,
            "doorZMultiplier": 0,
            "doorAnimationType": "STANDARD",
            "renderFromOpeningDoorTime": 0,
            "renderUntilOpeningDoorTime": 0,
            "renderFromClosingDoorTime": 0,
            "renderUntilClosingDoorTime": 0,
            "flashOffTime": 0,
            "flashOnTime": 0
        },
        {
            "names": [
                "taillights_b"
            ],
            "positionDefinitions": [
                "8a96e4fd"
            ],
            "condition": "ON_ROUTE_BACKWARDS",
            "renderStage": "ALWAYS_ON_LIGHT",
            "type": "NORMAL",
            "displayXPadding": 0,
            "displayYPadding": 0,
            "displayColorCjk": "FF9900",
            "displayColor": "FF9900",
            "displayMaxLineHeight": 1.5,
            "displayCjkSizeRatio": 2,
            "displayOptions": [],
            "displayPadZeros": 0,
            "displayType": "DESTINATION",
            "displayDefaultText": "Not In Service",
            "doorXMultiplier": 0,
            "doorZMultiplier": 0,
            "doorAnimationType": "STANDARD",
            "renderFromOpeningDoorTime": 0,
            "renderUntilOpeningDoorTime": 0,
            "renderFromClosingDoorTime": 0,
            "renderUntilClosingDoorTime": 0,
            "flashOffTime": 0,
            "flashOnTime": 0
        },
        {
            "names": [
                "taillights_b"
            ],
            "positionDefinitions": [
                "aa754ed8"
            ],
            "condition": "AT_DEPOT",
            "renderStage": "ALWAYS_ON_LIGHT",
            "type": "NORMAL",
            "displayXPadding": 0,
            "displayYPadding": 0,
            "displayColorCjk": "FF9900",
            "displayColor": "FF9900",
            "displayMaxLineHeight": 1.5,
            "displayCjkSizeRatio": 2,
            "displayOptions": [],
            "displayPadZeros": 0,
            "displayType": "DESTINATION",
            "displayDefaultText": "Not In Service",
            "doorXMultiplier": 0,
            "doorZMultiplier": 0,
            "doorAnimationType": "STANDARD",
            "renderFromOpeningDoorTime": 0,
            "renderUntilOpeningDoorTime": 0,
            "renderFromClosingDoorTime": 0,
            "renderUntilClosingDoorTime": 0,
            "flashOffTime": 0,
            "flashOnTime": 0
        },
        {
            "names": [
                "seats"
            ],
            "positionDefinitions": [
                "a1d9875"
            ],
            "condition": "NORMAL",
            "renderStage": "EXTERIOR",
            "type": "SEAT",
            "displayXPadding": 0,
            "displayYPadding": 0,
            "displayColorCjk": "FF9900",
            "displayColor": "FF9900",
            "displayMaxLineHeight": 1.5,
            "displayCjkSizeRatio": 2,
            "displayOptions": [],
            "displayPadZeros": 0,
            "displayType": "DESTINATION",
            "displayDefaultText": "Not In Service",
            "doorXMultiplier": 0,
            "doorZMultiplier": 0,
            "doorAnimationType": "STANDARD",
            "renderFromOpeningDoorTime": 0,
            "renderUntilOpeningDoorTime": 0,
            "renderFromClosingDoorTime": 0,
            "renderUntilClosingDoorTime": 0,
            "flashOffTime": 0,
            "flashOnTime": 0
        },
        {
            "names": [
                "floor"
            ],
            "positionDefinitions": [
                "c6d5d4ba"
            ],
            "condition": "NORMAL",
            "renderStage": "EXTERIOR",
            "type": "FLOOR",
            "displayXPadding": 0,
            "displayYPadding": 0,
            "displayColorCjk": "FF9900",
            "displayColor": "FF9900",
            "displayMaxLineHeight": 1.5,
            "displayCjkSizeRatio": 2,
            "displayOptions": [],
            "displayPadZeros": 0,
            "displayType": "DESTINATION",
            "displayDefaultText": "Not In Service",
            "doorXMultiplier": 0,
            "doorZMultiplier": 0,
            "doorAnimationType": "STANDARD",
            "renderFromOpeningDoorTime": 0,
            "renderUntilOpeningDoorTime": 0,
            "renderFromClosingDoorTime": 0,
            "renderUntilClosingDoorTime": 0,
            "flashOffTime": 0,
            "flashOnTime": 0
        },
        {
            "names": [
                "doorway"
            ],
            "positionDefinitions": [
                "4a5859ff"
            ],
            "condition": "NORMAL",
            "renderStage": "EXTERIOR",
            "type": "DOORWAY",
            "displayXPadding": 0,
            "displayYPadding": 0,
            "displayColorCjk": "FF9900",
            "displayColor": "FF9900",
            "displayMaxLineHeight": 1.5,
            "displayCjkSizeRatio": 2,
            "displayOptions": [],
            "displayPadZeros": 0,
            "displayType": "DESTINATION",
            "displayDefaultText": "Not In Service",
            "doorXMultiplier": 0,
            "doorZMultiplier": 0,
            "doorAnimationType": "STANDARD",
            "renderFromOpeningDoorTime": 0,
            "renderUntilOpeningDoorTime": 0,
            "renderFromClosingDoorTime": 0,
            "renderUntilClosingDoorTime": 0,
            "flashOffTime": 0,
            "flashOnTime": 0
        }
    ],
    "modelYOffset": 1,
    "gangwayInnerSideResource": "mtr:class153/153_connector_side.png",
    "gangwayInnerTopResource": "mtr:class153/153_connector_roof.png",
    "gangwayInnerBottomResource": "mtr:class153/153_connector_floor.png",
    "gangwayOuterSideResource": "mtr:class153/153_connector_exterior.png",
    "gangwayOuterTopResource": "mtr:class153/153_connector_exterior.png",
    "gangwayOuterBottomResource": "mtr:class153/153_connector_exterior.png",
    "gangwayWidth": 1.5,
    "gangwayHeight": 2.25,
    "gangwayYOffset": 1,
    "gangwayZOffset": 0.5,
    "barrierInnerSideResource": "_exterior.png",
    "barrierInnerTopResource": "",
    "barrierInnerBottomResource": "",
    "barrierOuterSideResource": "_exterior.png",
    "barrierOuterTopResource": "",
    "barrierOuterBottomResource": "",
    "barrierWidth": 2.25,
    "barrierHeight": 1,
    "barrierYOffset": 1.25,
    "barrierZOffset": 0.25
}