{
	"153_airzero": {
        "sounds": [
            {
                "name": "mtr:153/airzero",
                "attenuation_distance": 32
            }
        ]
    },
    "153_airhigh": {
        "sounds": [
            {
                "name": "mtr:153/airhigh",
                "attenuation_distance": 32
            }
        ]
    },
    "153_doorcls": {
        "sounds": [
            {
                "name": "mtr:153/doorcls",
                "attenuation_distance": 32
            }
        ]
    },
    "153_dooropn": {
        "sounds": [
            {
                "name": "mtr:153/dooropn",
                "attenuation_distance": 32
            }
        ]
    },
    "153_loop": {
        "sounds": [
            {
                "name": "mtr:153/loop",
                "attenuation_distance": 32
            }
        ]
    },
    "153_motor0": {
        "sounds": [
            {
                "name": "mtr:153/motor0",
                "attenuation_distance": 32
            }
        ]
    },
	"153_motor1": {
        "sounds": [
            {
                "name": "mtr:153/motor1",
                "attenuation_distance": 32
            }
        ]
    },
	"153_motor2": {
        "sounds": [
            {
                "name": "mtr:153/motor2",
                "attenuation_distance": 32
            }
        ]
    },
    "153_point": {
        "sounds": [
            {
                "name": "mtr:153/point",
                "attenuation_distance": 32
            }
        ]
    },
    "153_run": {
        "sounds": [
            {
                "name": "mtr:153/run",
                "attenuation_distance": 32
            }
        ]
    },
	
    "153_rub": {
        "sounds": [
            {
                "name": "mtr:153/rub",
                "attenuation_distance": 32
            }
        ]
    },
    "153_flange": {
        "sounds": [
            {
                "name": "mtr:153/flange",
                "attenuation_distance": 32
            }
        ]
    }
}