{"positionDefinitions":[{"name":"382658bc","positions":[{"x":0.0,"y":0.0,"z":0.0},{"x":0.0,"y":0.0,"z":136.0}],"positionsFlipped":[]},{"name":"64f1fc84","positions":[{"x":0.0,"y":0.0,"z":-136.0},{"x":0.0,"y":0.0,"z":-108.0},{"x":0.0,"y":0.0,"z":-164.0},{"x":0.0,"y":0.0,"z":-80.0}],"positionsFlipped":[]},{"name":"305251d2","positions":[],"positionsFlipped":[{"x":0.0,"y":0.0,"z":0.0},{"x":0.0,"y":0.0,"z":-136.0}]},{"name":"a3a5d8e6","positions":[{"x":0.0,"y":0.0,"z":0.0}],"positionsFlipped":[]},{"name":"e709e4e5","positions":[{"x":0.0,"y":0.0,"z":0.0},{"x":0.0,"y":0.0,"z":136.0}],"positionsFlipped":[]},{"name":"fe1278f3","positions":[{"x":0.0,"y":0.0,"z":0.0},{"x":0.0,"y":0.0,"z":136.0}],"positionsFlipped":[]},{"name":"d2356997","positions":[],"positionsFlipped":[{"x":0.0,"y":0.0,"z":0.0},{"x":0.0,"y":0.0,"z":-136.0}]},{"name":"7f7c107b","positions":[],"positionsFlipped":[{"x":0.0,"y":0.0,"z":0.0},{"x":0.0,"y":0.0,"z":-136.0}]},{"name":"60823a1","positions":[{"x":0.0,"y":0.0,"z":0.0},{"x":0.0,"y":0.0,"z":136.0}],"positionsFlipped":[]},{"name":"c801bd25","positions":[{"x":0.0,"y":0.0,"z":0.0}],"positionsFlipped":[]},{"name":"8b5d29a8","positions":[],"positionsFlipped":[{"x":0.0,"y":0.0,"z":0.0}]},{"name":"e67a8a43","positions":[{"x":0.0,"y":0.0,"z":0.0}],"positionsFlipped":[]},{"name":"534f27e9","positions":[{"x":0.0,"y":0.0,"z":0.0}],"positionsFlipped":[]},{"name":"b7dfd060","positions":[],"positionsFlipped":[{"x":0.0,"y":0.0,"z":0.0}]},{"name":"b8025db5","positions":[{"x":0.0,"y":0.0,"z":0.0}],"positionsFlipped":[]},{"name":"524029e2","positions":[],"positionsFlipped":[{"x":0.0,"y":0.0,"z":0.0}]},{"name":"b0005813","positions":[{"x":0.0,"y":0.0,"z":0.0}],"positionsFlipped":[]},{"name":"396f6584","positions":[{"x":0.0,"y":0.0,"z":0.0}],"positionsFlipped":[]},{"name":"68b1101e","positions":[{"x":0.0,"y":0.0,"z":0.0}],"positionsFlipped":[]},{"name":"db47c8c0","positions":[],"positionsFlipped":[{"x":0.0,"y":0.0,"z":0.0}]},{"name":"be4ac3d6","positions":[],"positionsFlipped":[{"x":0.0,"y":0.0,"z":0.0}]},{"name":"4fe5d4c0","positions":[{"x":0.0,"y":0.0,"z":-52.0},{"x":0.0,"y":0.0,"z":0.0},{"x":0.0,"y":0.0,"z":28.0},{"x":0.0,"y":0.0,"z":56.0},{"x":0.0,"y":0.0,"z":84.0},{"x":0.0,"y":0.0,"z":136.0}],"positionsFlipped":[]},{"name":"7c9cbc42","positions":[{"x":0.0,"y":0.0,"z":0.0},{"x":0.0,"y":0.0,"z":136.0}],"positionsFlipped":[]},{"name":"8a6ac6f0","positions":[{"x":0.0,"y":0.0,"z":0.0},{"x":0.0,"y":0.0,"z":136.0}],"positionsFlipped":[]},{"name":"66be3dbb","positions":[{"x":0.0,"y":0.0,"z":0.0}],"positionsFlipped":[]},{"name":"41ec7c1f","positions":[{"x":0.0,"y":0.0,"z":164.0}],"positionsFlipped":[]},{"name":"c92f591a","positions":[],"positionsFlipped":[{"x":0.0,"y":0.0,"z":0.0}]},{"name":"b98171ea","positions":[],"positionsFlipped":[{"x":0.0,"y":0.0,"z":-164.0}]},{"name":"f50344d6","positions":[{"x":0.0,"y":0.0,"z":53.0},{"x":0.0,"y":0.0,"z":39.0},{"x":0.0,"y":0.0,"z":25.0},{"x":0.0,"y":0.0,"z":11.0}],"positionsFlipped":[]},{"name":"77c87d0","positions":[],"positionsFlipped":[{"x":0.0,"y":0.0,"z":-53.0},{"x":0.0,"y":0.0,"z":-39.0},{"x":0.0,"y":0.0,"z":-25.0},{"x":0.0,"y":0.0,"z":-11.0}]},{"name":"e8db50ad","positions":[],"positionsFlipped":[{"x":0.0,"y":0.0,"z":-53.0},{"x":0.0,"y":0.0,"z":-39.0},{"x":0.0,"y":0.0,"z":-25.0},{"x":0.0,"y":0.0,"z":-11.0}]},{"name":"27372b0d","positions":[{"x":0.0,"y":0.0,"z":53.0},{"x":0.0,"y":0.0,"z":39.0},{"x":0.0,"y":0.0,"z":25.0},{"x":0.0,"y":0.0,"z":11.0}],"positionsFlipped":[]},{"name":"3d8ce423","positions":[{"x":0.0,"y":0.0,"z":-83.0},{"x":0.0,"y":0.0,"z":-97.0},{"x":0.0,"y":0.0,"z":-111.0},{"x":0.0,"y":0.0,"z":-125.0}],"positionsFlipped":[]},{"name":"8b55e2fe","positions":[],"positionsFlipped":[{"x":0.0,"y":0.0,"z":-142.0}]},{"name":"fd05c817","positions":[{"x":0.0,"y":0.0,"z":-83.0},{"x":0.0,"y":0.0,"z":-97.0},{"x":0.0,"y":0.0,"z":-111.0},{"x":0.0,"y":0.0,"z":-125.0}],"positionsFlipped":[]},{"name":"e793f7dd","positions":[],"positionsFlipped":[{"x":0.0,"y":0.0,"z":-142.0}]},{"name":"213a1ef9","positions":[],"positionsFlipped":[{"x":0.0,"y":0.0,"z":83.0}]},{"name":"80e112eb","positions":[{"x":0.0,"y":0.0,"z":142.0},{"x":0.0,"y":0.0,"z":105.0},{"x":0.0,"y":0.0,"z":117.0},{"x":0.0,"y":0.0,"z":129.0}],"positionsFlipped":[]},{"name":"11621b10","positions":[{"x":0.0,"y":0.0,"z":105.0}],"positionsFlipped":[]},{"name":"66da961f","positions":[{"x":0.0,"y":0.0,"z":105.0}],"positionsFlipped":[]},{"name":"e9668e57","positions":[{"x":0.0,"y":0.0,"z":0.0}],"positionsFlipped":[]},{"name":"5ee59516","positions":[{"x":0.0,"y":0.0,"z":0.0}],"positionsFlipped":[]},{"name":"62c46cb5","positions":[{"x":0.0,"y":0.0,"z":0.0}],"positionsFlipped":[]},{"name":"b11ac2df","positions":[{"x":0.0,"y":0.0,"z":0.0}],"positionsFlipped":[]},{"name":"1792f3ad","positions":[{"x":0.0,"y":0.0,"z":0.0}],"positionsFlipped":[]},{"name":"bf74a89c","positions":[],"positionsFlipped":[{"x":0.0,"y":0.0,"z":0.0}]},{"name":"1d277a26","positions":[],"positionsFlipped":[{"x":0.0,"y":0.0,"z":0.0}]},{"name":"d3c8b765","positions":[{"x":0.0,"y":0.0,"z":0.0}],"positionsFlipped":[]},{"name":"304a281a","positions":[{"x":0.0,"y":0.0,"z":0.0},{"x":0.0,"y":0.0,"z":136.0}],"positionsFlipped":[]},{"name":"cb5afdca","positions":[],"positionsFlipped":[{"x":0.0,"y":0.0,"z":0.0},{"x":0.0,"y":0.0,"z":-136.0}]},{"name":"84181338","positions":[{"x":0.0,"y":0.0,"z":0.0},{"x":0.0,"y":0.0,"z":136.0}],"positionsFlipped":[]},{"name":"4353d8c4","positions":[],"positionsFlipped":[{"x":0.0,"y":0.0,"z":0.0},{"x":0.0,"y":0.0,"z":-136.0}]},{"name":"139ceb65","positions":[{"x":0.0,"y":0.0,"z":2.4}],"positionsFlipped":[]},{"name":"8f4cbc39","positions":[],"positionsFlipped":[{"x":0.0,"y":0.0,"z":-2.4}]},{"name":"8cbe8d8d","positions":[{"x":0.0,"y":0.0,"z":0.0}],"positionsFlipped":[]},{"name":"cba0bc0e","positions":[],"positionsFlipped":[{"x":0.0,"y":0.0,"z":0.0}]},{"name":"78c5af33","positions":[],"positionsFlipped":[{"x":0.0,"y":0.0,"z":83.0}]},{"name":"7bb96f08","positions":[{"x":0.0,"y":0.0,"z":0.0},{"x":0.0,"y":0.0,"z":136.0}],"positionsFlipped":[]},{"name":"91a6dc55","positions":[{"x":0.0,"y":0.0,"z":0.0},{"x":0.0,"y":0.0,"z":136.0}],"positionsFlipped":[]},{"name":"73b42034","positions":[],"positionsFlipped":[{"x":0.0,"y":0.0,"z":80.0}]},{"name":"a17b07b4","positions":[{"x":0.0,"y":0.0,"z":0.0},{"x":0.0,"y":0.0,"z":136.0}],"positionsFlipped":[{"x":0.0,"y":0.0,"z":0.0},{"x":0.0,"y":0.0,"z":-136.0}]},{"name":"c7a3cef6","positions":[{"x":0.0,"y":0.0,"z":0.0},{"x":0.0,"y":0.0,"z":136.0}],"positionsFlipped":[{"x":0.0,"y":0.0,"z":0.0},{"x":0.0,"y":0.0,"z":-136.0}]},{"name":"4a090dea","positions":[{"x":0.0,"y":0.0,"z":0.0}],"positionsFlipped":[{"x":0.0,"y":0.0,"z":0.0}]},{"name":"b5dd7049","positions":[{"x":0.0,"y":0.0,"z":0.0}],"positionsFlipped":[{"x":0.0,"y":0.0,"z":0.0}]},{"name":"d8e41f63","positions":[{"x":0.0,"y":0.0,"z":0.0}],"positionsFlipped":[{"x":0.0,"y":0.0,"z":0.0}]},{"name":"635c751","positions":[{"x":0.0,"y":0.0,"z":0.0}],"positionsFlipped":[]},{"name":"67f14d7d","positions":[],"positionsFlipped":[{"x":0.0,"y":0.0,"z":0.0}]}]}