{"positionDefinitions":[{"name":"88060485","positions":[{"x":0.0,"y":0.0,"z":0.0}],"positionsFlipped":[]},{"name":"f513c492","positions":[{"x":0.0,"y":0.0,"z":0.0}],"positionsFlipped":[]},{"name":"594bd8fe","positions":[{"x":0.0,"y":0.0,"z":0.0},{"x":0.0,"y":0.0,"z":136.0}],"positionsFlipped":[]},{"name":"200c6568","positions":[{"x":0.0,"y":0.0,"z":-136.0},{"x":0.0,"y":0.0,"z":-108.0},{"x":0.0,"y":0.0,"z":-164.0},{"x":0.0,"y":0.0,"z":-80.0}],"positionsFlipped":[]},{"name":"b26b5ec5","positions":[],"positionsFlipped":[{"x":0.0,"y":0.0,"z":0.0},{"x":0.0,"y":0.0,"z":-136.0}]},{"name":"a01bab5b","positions":[{"x":0.0,"y":0.0,"z":0.0}],"positionsFlipped":[]},{"name":"c164cb58","positions":[{"x":0.0,"y":0.0,"z":0.0}],"positionsFlipped":[]},{"name":"4ef7af17","positions":[{"x":0.0,"y":0.0,"z":0.0},{"x":0.0,"y":0.0,"z":136.0}],"positionsFlipped":[]},{"name":"e4accd6b","positions":[{"x":0.0,"y":0.0,"z":0.0},{"x":0.0,"y":0.0,"z":136.0}],"positionsFlipped":[]},{"name":"cf75b74f","positions":[],"positionsFlipped":[{"x":0.0,"y":0.0,"z":0.0},{"x":0.0,"y":0.0,"z":-136.0}]},{"name":"c5a389e2","positions":[],"positionsFlipped":[{"x":0.0,"y":0.0,"z":0.0},{"x":0.0,"y":0.0,"z":-136.0}]},{"name":"5625f911","positions":[{"x":0.0,"y":0.0,"z":0.0},{"x":0.0,"y":0.0,"z":136.0}],"positionsFlipped":[]},{"name":"a3c0517a","positions":[{"x":0.0,"y":0.0,"z":0.0}],"positionsFlipped":[]},{"name":"81ddd139","positions":[{"x":0.0,"y":0.0,"z":0.0}],"positionsFlipped":[]},{"name":"75f557ec","positions":[{"x":0.0,"y":0.0,"z":0.0}],"positionsFlipped":[]},{"name":"27473188","positions":[{"x":0.0,"y":0.0,"z":0.0}],"positionsFlipped":[]},{"name":"9ae80a2d","positions":[{"x":0.0,"y":0.0,"z":0.0}],"positionsFlipped":[]},{"name":"5ab77699","positions":[{"x":0.0,"y":0.0,"z":0.0}],"positionsFlipped":[]},{"name":"ce0beaa","positions":[{"x":0.0,"y":0.0,"z":0.0}],"positionsFlipped":[]},{"name":"7a23ed08","positions":[{"x":0.0,"y":0.0,"z":0.0}],"positionsFlipped":[]},{"name":"1321b4f9","positions":[{"x":0.0,"y":0.0,"z":-52.0},{"x":0.0,"y":0.0,"z":0.0},{"x":0.0,"y":0.0,"z":28.0},{"x":0.0,"y":0.0,"z":56.0},{"x":0.0,"y":0.0,"z":84.0},{"x":0.0,"y":0.0,"z":136.0}],"positionsFlipped":[]},{"name":"9b394b66","positions":[{"x":0.0,"y":0.0,"z":0.0},{"x":0.0,"y":0.0,"z":136.0}],"positionsFlipped":[]},{"name":"efda21cc","positions":[{"x":0.0,"y":0.0,"z":0.0},{"x":0.0,"y":0.0,"z":136.0}],"positionsFlipped":[]},{"name":"7b5a7c0f","positions":[{"x":0.0,"y":0.0,"z":0.0}],"positionsFlipped":[]},{"name":"92ae8a21","positions":[{"x":0.0,"y":0.0,"z":53.0},{"x":0.0,"y":0.0,"z":39.0},{"x":0.0,"y":0.0,"z":25.0},{"x":0.0,"y":0.0,"z":11.0}],"positionsFlipped":[]},{"name":"9448e7d5","positions":[],"positionsFlipped":[{"x":0.0,"y":0.0,"z":-53.0},{"x":0.0,"y":0.0,"z":-39.0},{"x":0.0,"y":0.0,"z":-25.0},{"x":0.0,"y":0.0,"z":-11.0}]},{"name":"102e3050","positions":[],"positionsFlipped":[{"x":0.0,"y":0.0,"z":-53.0},{"x":0.0,"y":0.0,"z":-39.0},{"x":0.0,"y":0.0,"z":-25.0},{"x":0.0,"y":0.0,"z":-11.0}]},{"name":"337e294e","positions":[{"x":0.0,"y":0.0,"z":53.0},{"x":0.0,"y":0.0,"z":39.0},{"x":0.0,"y":0.0,"z":25.0},{"x":0.0,"y":0.0,"z":11.0}],"positionsFlipped":[]},{"name":"b78ecb69","positions":[],"positionsFlipped":[{"x":0.0,"y":0.0,"z":83.0},{"x":0.0,"y":0.0,"z":97.0},{"x":0.0,"y":0.0,"z":111.0},{"x":0.0,"y":0.0,"z":125.0}]},{"name":"ddc40ec6","positions":[{"x":0.0,"y":0.0,"z":142.0}],"positionsFlipped":[]},{"name":"92e36bb7","positions":[],"positionsFlipped":[{"x":0.0,"y":0.0,"z":83.0},{"x":0.0,"y":0.0,"z":97.0},{"x":0.0,"y":0.0,"z":111.0},{"x":0.0,"y":0.0,"z":125.0}]},{"name":"4c100ed0","positions":[{"x":0.0,"y":0.0,"z":142.0}],"positionsFlipped":[]},{"name":"9702f6a1","positions":[{"x":0.0,"y":0.0,"z":-83.0}],"positionsFlipped":[]},{"name":"74e8307c","positions":[],"positionsFlipped":[{"x":0.0,"y":0.0,"z":-105.0},{"x":0.0,"y":0.0,"z":-91.0}]},{"name":"943f0f6","positions":[{"x":0.0,"y":0.0,"z":0.0}],"positionsFlipped":[]},{"name":"a1a8b0e9","positions":[{"x":0.0,"y":0.0,"z":0.0}],"positionsFlipped":[]},{"name":"eeddbe05","positions":[{"x":0.0,"y":0.0,"z":0.0}],"positionsFlipped":[]},{"name":"95e738a8","positions":[{"x":0.0,"y":0.0,"z":0.0}],"positionsFlipped":[]},{"name":"1686c834","positions":[{"x":0.0,"y":0.0,"z":0.0}],"positionsFlipped":[]},{"name":"42065c4f","positions":[{"x":0.0,"y":0.0,"z":0.0}],"positionsFlipped":[]},{"name":"542807c1","positions":[{"x":0.0,"y":0.0,"z":0.0}],"positionsFlipped":[]},{"name":"41e4e73c","positions":[{"x":0.0,"y":0.0,"z":0.0},{"x":0.0,"y":0.0,"z":136.0}],"positionsFlipped":[]},{"name":"26edb7f1","positions":[],"positionsFlipped":[{"x":0.0,"y":0.0,"z":0.0},{"x":0.0,"y":0.0,"z":-136.0}]},{"name":"6199bfc4","positions":[{"x":0.0,"y":0.0,"z":0.0},{"x":0.0,"y":0.0,"z":136.0}],"positionsFlipped":[]},{"name":"75d9caca","positions":[],"positionsFlipped":[{"x":0.0,"y":0.0,"z":0.0},{"x":0.0,"y":0.0,"z":-136.0}]},{"name":"885189a0","positions":[{"x":0.0,"y":0.0,"z":0.0}],"positionsFlipped":[]},{"name":"2d5906ff","positions":[{"x":0.0,"y":0.0,"z":0.0}],"positionsFlipped":[]},{"name":"f46af860","positions":[{"x":0.0,"y":0.0,"z":0.0}],"positionsFlipped":[]},{"name":"3ab61bb3","positions":[{"x":0.0,"y":0.0,"z":2.4}],"positionsFlipped":[]},{"name":"6596ed21","positions":[],"positionsFlipped":[{"x":0.0,"y":0.0,"z":-2.4}]},{"name":"abae5d90","positions":[{"x":0.0,"y":0.0,"z":0.0}],"positionsFlipped":[]},{"name":"748942b3","positions":[],"positionsFlipped":[{"x":-24.0,"y":0.0,"z":-105.0}]},{"name":"7fd2074","positions":[{"x":0.0,"y":0.0,"z":0.0},{"x":0.0,"y":0.0,"z":136.0}],"positionsFlipped":[]},{"name":"4687f446","positions":[{"x":0.0,"y":0.0,"z":0.0},{"x":0.0,"y":0.0,"z":136.0}],"positionsFlipped":[]},{"name":"ec493a19","positions":[],"positionsFlipped":[{"x":0.0,"y":0.0,"z":80.0}]},{"name":"d103d4f6","positions":[{"x":0.0,"y":0.0,"z":0.0},{"x":0.0,"y":0.0,"z":136.0}],"positionsFlipped":[{"x":0.0,"y":0.0,"z":0.0},{"x":0.0,"y":0.0,"z":-136.0}]},{"name":"b19b1b66","positions":[{"x":0.0,"y":0.0,"z":0.0}],"positionsFlipped":[]},{"name":"3bb73cd7","positions":[{"x":0.0,"y":0.0,"z":0.0}],"positionsFlipped":[]},{"name":"d5e0a7b8","positions":[{"x":0.0,"y":0.0,"z":0.0}],"positionsFlipped":[]},{"name":"338a6ba3","positions":[{"x":0.0,"y":0.0,"z":0.0}],"positionsFlipped":[]},{"name":"b6e2ab4c","positions":[{"x":0.0,"y":0.0,"z":0.0}],"positionsFlipped":[{"x":0.0,"y":0.0,"z":0.0}]},{"name":"bfdc0149","positions":[{"x":0.0,"y":0.0,"z":0.0}],"positionsFlipped":[{"x":0.0,"y":0.0,"z":0.0}]},{"name":"25bf854f","positions":[{"x":0.0,"y":0.0,"z":0.0},{"x":0.0,"y":0.0,"z":136.0}],"positionsFlipped":[{"x":0.0,"y":0.0,"z":0.0},{"x":0.0,"y":0.0,"z":-136.0}]}]}