{"positionDefinitions":[{"name":"3025e4be","positions":[{"x":0.0,"y":0.0,"z":0.0}],"positionsFlipped":[]},{"name":"35fffae3","positions":[{"x":0.0,"y":0.0,"z":0.0}],"positionsFlipped":[]},{"name":"23bb2b35","positions":[{"x":0.0,"y":0.0,"z":0.0},{"x":0.0,"y":0.0,"z":136.0}],"positionsFlipped":[]},{"name":"345e2f1a","positions":[{"x":0.0,"y":0.0,"z":-136.0},{"x":0.0,"y":0.0,"z":-108.0},{"x":0.0,"y":0.0,"z":-164.0},{"x":0.0,"y":0.0,"z":-80.0}],"positionsFlipped":[]},{"name":"4af53b06","positions":[],"positionsFlipped":[{"x":0.0,"y":0.0,"z":0.0},{"x":0.0,"y":0.0,"z":-136.0}]},{"name":"6d498dfd","positions":[{"x":0.0,"y":0.0,"z":0.0}],"positionsFlipped":[]},{"name":"e9778e0f","positions":[{"x":0.0,"y":0.0,"z":0.0}],"positionsFlipped":[]},{"name":"cdd4c72c","positions":[{"x":0.0,"y":0.0,"z":0.0},{"x":0.0,"y":0.0,"z":136.0}],"positionsFlipped":[]},{"name":"6b87a5c3","positions":[{"x":0.0,"y":0.0,"z":0.0},{"x":0.0,"y":0.0,"z":136.0}],"positionsFlipped":[]},{"name":"59a09122","positions":[],"positionsFlipped":[{"x":0.0,"y":0.0,"z":0.0},{"x":0.0,"y":0.0,"z":-136.0}]},{"name":"f547acb","positions":[],"positionsFlipped":[{"x":0.0,"y":0.0,"z":0.0},{"x":0.0,"y":0.0,"z":-136.0}]},{"name":"f90db667","positions":[{"x":0.0,"y":0.0,"z":0.0},{"x":0.0,"y":0.0,"z":136.0}],"positionsFlipped":[]},{"name":"d4411e1b","positions":[{"x":0.0,"y":0.0,"z":0.0}],"positionsFlipped":[]},{"name":"cc328f86","positions":[{"x":0.0,"y":0.0,"z":0.0}],"positionsFlipped":[]},{"name":"a64c53f5","positions":[{"x":0.0,"y":0.0,"z":0.0}],"positionsFlipped":[]},{"name":"2ce68e82","positions":[{"x":0.0,"y":0.0,"z":0.0}],"positionsFlipped":[]},{"name":"8806867e","positions":[{"x":0.0,"y":0.0,"z":0.0}],"positionsFlipped":[]},{"name":"57a995f5","positions":[{"x":0.0,"y":0.0,"z":0.0}],"positionsFlipped":[]},{"name":"fd71c66d","positions":[{"x":0.0,"y":0.0,"z":0.0}],"positionsFlipped":[]},{"name":"8f1bbfb9","positions":[{"x":0.0,"y":0.0,"z":0.0}],"positionsFlipped":[]},{"name":"ee37d242","positions":[{"x":0.0,"y":0.0,"z":0.0}],"positionsFlipped":[]},{"name":"5a2746f2","positions":[{"x":0.0,"y":0.0,"z":-52.0},{"x":0.0,"y":0.0,"z":0.0},{"x":0.0,"y":0.0,"z":28.0},{"x":0.0,"y":0.0,"z":56.0},{"x":0.0,"y":0.0,"z":84.0},{"x":0.0,"y":0.0,"z":136.0}],"positionsFlipped":[]},{"name":"8da0358","positions":[{"x":0.0,"y":0.0,"z":0.0},{"x":0.0,"y":0.0,"z":136.0}],"positionsFlipped":[]},{"name":"3f40317c","positions":[{"x":0.0,"y":0.0,"z":0.0},{"x":0.0,"y":0.0,"z":136.0}],"positionsFlipped":[]},{"name":"8a799100","positions":[{"x":0.0,"y":0.0,"z":0.0}],"positionsFlipped":[]},{"name":"7339b2ea","positions":[{"x":0.0,"y":0.0,"z":53.0},{"x":0.0,"y":0.0,"z":39.0},{"x":0.0,"y":0.0,"z":25.0},{"x":0.0,"y":0.0,"z":11.0}],"positionsFlipped":[]},{"name":"5bb188b5","positions":[],"positionsFlipped":[{"x":0.0,"y":0.0,"z":-53.0},{"x":0.0,"y":0.0,"z":-39.0},{"x":0.0,"y":0.0,"z":-25.0},{"x":0.0,"y":0.0,"z":-11.0}]},{"name":"8d7ec23c","positions":[],"positionsFlipped":[{"x":0.0,"y":0.0,"z":-53.0},{"x":0.0,"y":0.0,"z":-39.0},{"x":0.0,"y":0.0,"z":-25.0},{"x":0.0,"y":0.0,"z":-11.0}]},{"name":"8d628c6","positions":[{"x":0.0,"y":0.0,"z":53.0},{"x":0.0,"y":0.0,"z":39.0},{"x":0.0,"y":0.0,"z":25.0},{"x":0.0,"y":0.0,"z":11.0}],"positionsFlipped":[]},{"name":"331565ae","positions":[],"positionsFlipped":[{"x":0.0,"y":0.0,"z":83.0},{"x":0.0,"y":0.0,"z":97.0},{"x":0.0,"y":0.0,"z":111.0},{"x":0.0,"y":0.0,"z":125.0}]},{"name":"bef171cf","positions":[{"x":0.0,"y":0.0,"z":142.0}],"positionsFlipped":[]},{"name":"99ce1450","positions":[],"positionsFlipped":[{"x":0.0,"y":0.0,"z":83.0},{"x":0.0,"y":0.0,"z":97.0},{"x":0.0,"y":0.0,"z":111.0},{"x":0.0,"y":0.0,"z":125.0}]},{"name":"b471345e","positions":[{"x":0.0,"y":0.0,"z":142.0}],"positionsFlipped":[]},{"name":"38883e6f","positions":[{"x":0.0,"y":0.0,"z":-83.0}],"positionsFlipped":[]},{"name":"86fde4db","positions":[],"positionsFlipped":[{"x":0.0,"y":0.0,"z":-105.0},{"x":0.0,"y":0.0,"z":-91.0}]},{"name":"b1942dab","positions":[{"x":0.0,"y":0.0,"z":0.0}],"positionsFlipped":[]},{"name":"890118fb","positions":[{"x":0.0,"y":0.0,"z":0.0}],"positionsFlipped":[]},{"name":"1de914af","positions":[{"x":0.0,"y":0.0,"z":0.0}],"positionsFlipped":[]},{"name":"6261df37","positions":[{"x":0.0,"y":0.0,"z":0.0}],"positionsFlipped":[]},{"name":"7f265912","positions":[{"x":0.0,"y":0.0,"z":0.0}],"positionsFlipped":[]},{"name":"5dd6b924","positions":[{"x":0.0,"y":0.0,"z":0.0}],"positionsFlipped":[]},{"name":"990507ef","positions":[{"x":0.0,"y":0.0,"z":0.0}],"positionsFlipped":[]},{"name":"977f0d17","positions":[{"x":0.0,"y":0.0,"z":0.0},{"x":0.0,"y":0.0,"z":136.0}],"positionsFlipped":[]},{"name":"507bd00b","positions":[],"positionsFlipped":[{"x":0.0,"y":0.0,"z":0.0},{"x":0.0,"y":0.0,"z":-136.0}]},{"name":"79a1142e","positions":[{"x":0.0,"y":0.0,"z":0.0},{"x":0.0,"y":0.0,"z":136.0}],"positionsFlipped":[]},{"name":"5643a7ed","positions":[],"positionsFlipped":[{"x":0.0,"y":0.0,"z":0.0},{"x":0.0,"y":0.0,"z":-136.0}]},{"name":"db077585","positions":[{"x":0.0,"y":0.0,"z":0.0}],"positionsFlipped":[]},{"name":"f2cbbce5","positions":[{"x":0.0,"y":0.0,"z":0.0}],"positionsFlipped":[]},{"name":"bb5b97cf","positions":[{"x":0.0,"y":0.0,"z":0.0}],"positionsFlipped":[]},{"name":"14df0da0","positions":[{"x":0.0,"y":0.0,"z":2.4}],"positionsFlipped":[]},{"name":"207fe20b","positions":[],"positionsFlipped":[{"x":0.0,"y":0.0,"z":-2.4}]},{"name":"23c03737","positions":[{"x":0.0,"y":0.0,"z":0.0}],"positionsFlipped":[]},{"name":"359119fd","positions":[],"positionsFlipped":[{"x":-24.0,"y":0.0,"z":-105.0}]},{"name":"d2ecbc7e","positions":[{"x":0.0,"y":0.0,"z":0.0},{"x":0.0,"y":0.0,"z":136.0}],"positionsFlipped":[]},{"name":"5e157b99","positions":[{"x":0.0,"y":0.0,"z":0.0},{"x":0.0,"y":0.0,"z":136.0}],"positionsFlipped":[]},{"name":"b2199255","positions":[],"positionsFlipped":[{"x":0.0,"y":0.0,"z":80.0}]},{"name":"924e1449","positions":[{"x":0.0,"y":0.0,"z":0.0},{"x":0.0,"y":0.0,"z":136.0}],"positionsFlipped":[{"x":0.0,"y":0.0,"z":0.0},{"x":0.0,"y":0.0,"z":-136.0}]},{"name":"3470469c","positions":[{"x":0.0,"y":0.0,"z":0.0}],"positionsFlipped":[]},{"name":"7fda0bee","positions":[{"x":0.0,"y":0.0,"z":0.0}],"positionsFlipped":[]},{"name":"f70904fa","positions":[{"x":0.0,"y":0.0,"z":0.0}],"positionsFlipped":[]},{"name":"948be24f","positions":[{"x":0.0,"y":0.0,"z":0.0}],"positionsFlipped":[]},{"name":"13305f5b","positions":[{"x":0.0,"y":0.0,"z":0.0}],"positionsFlipped":[{"x":0.0,"y":0.0,"z":0.0}]},{"name":"5a3f26f6","positions":[{"x":0.0,"y":0.0,"z":0.0}],"positionsFlipped":[{"x":0.0,"y":0.0,"z":0.0}]},{"name":"240da735","positions":[{"x":0.0,"y":0.0,"z":0.0},{"x":0.0,"y":0.0,"z":136.0}],"positionsFlipped":[{"x":0.0,"y":0.0,"z":0.0},{"x":0.0,"y":0.0,"z":-136.0}]}]}