{"positionDefinitions":[{"name":"e2acecec","positions":[{"x":0.0,"y":0.0,"z":0.0},{"x":0.0,"y":0.0,"z":136.0}],"positionsFlipped":[]},{"name":"4ec237a9","positions":[{"x":0.0,"y":0.0,"z":-136.0},{"x":0.0,"y":0.0,"z":-108.0},{"x":0.0,"y":0.0,"z":-164.0},{"x":0.0,"y":0.0,"z":-80.0}],"positionsFlipped":[]},{"name":"251bb7d5","positions":[],"positionsFlipped":[{"x":0.0,"y":0.0,"z":0.0},{"x":0.0,"y":0.0,"z":-136.0}]},{"name":"822bf27a","positions":[{"x":0.0,"y":0.0,"z":0.0}],"positionsFlipped":[]},{"name":"28f64a78","positions":[{"x":0.0,"y":0.0,"z":0.0},{"x":0.0,"y":0.0,"z":136.0}],"positionsFlipped":[]},{"name":"b6027e48","positions":[{"x":0.0,"y":0.0,"z":0.0},{"x":0.0,"y":0.0,"z":136.0}],"positionsFlipped":[]},{"name":"3e86fe26","positions":[],"positionsFlipped":[{"x":0.0,"y":0.0,"z":0.0},{"x":0.0,"y":0.0,"z":-136.0}]},{"name":"a6152fc0","positions":[],"positionsFlipped":[{"x":0.0,"y":0.0,"z":0.0},{"x":0.0,"y":0.0,"z":-136.0}]},{"name":"2fc1b17a","positions":[{"x":0.0,"y":0.0,"z":0.0},{"x":0.0,"y":0.0,"z":136.0}],"positionsFlipped":[]},{"name":"483caa21","positions":[{"x":0.0,"y":0.0,"z":0.0}],"positionsFlipped":[]},{"name":"3fce25f7","positions":[],"positionsFlipped":[{"x":0.0,"y":0.0,"z":0.0}]},{"name":"10594bfd","positions":[{"x":0.0,"y":0.0,"z":0.0}],"positionsFlipped":[]},{"name":"d68d054b","positions":[{"x":0.0,"y":0.0,"z":0.0}],"positionsFlipped":[]},{"name":"82046f48","positions":[],"positionsFlipped":[{"x":0.0,"y":0.0,"z":0.0}]},{"name":"6a2bcb90","positions":[{"x":0.0,"y":0.0,"z":0.0}],"positionsFlipped":[]},{"name":"8d497062","positions":[],"positionsFlipped":[{"x":0.0,"y":0.0,"z":0.0}]},{"name":"4609e737","positions":[{"x":0.0,"y":0.0,"z":0.0}],"positionsFlipped":[]},{"name":"b8f4d821","positions":[{"x":0.0,"y":0.0,"z":0.0}],"positionsFlipped":[]},{"name":"7ee7f6f9","positions":[{"x":0.0,"y":0.0,"z":0.0}],"positionsFlipped":[]},{"name":"f7162740","positions":[],"positionsFlipped":[{"x":0.0,"y":0.0,"z":0.0}]},{"name":"d1f899f8","positions":[],"positionsFlipped":[{"x":0.0,"y":0.0,"z":0.0}]},{"name":"f4e68bae","positions":[{"x":0.0,"y":0.0,"z":-52.0},{"x":0.0,"y":0.0,"z":0.0},{"x":0.0,"y":0.0,"z":28.0},{"x":0.0,"y":0.0,"z":56.0},{"x":0.0,"y":0.0,"z":84.0},{"x":0.0,"y":0.0,"z":136.0}],"positionsFlipped":[]},{"name":"a4877682","positions":[{"x":0.0,"y":0.0,"z":0.0},{"x":0.0,"y":0.0,"z":136.0}],"positionsFlipped":[]},{"name":"8012b8a2","positions":[{"x":0.0,"y":0.0,"z":0.0},{"x":0.0,"y":0.0,"z":136.0}],"positionsFlipped":[]},{"name":"8bdf7922","positions":[{"x":0.0,"y":0.0,"z":0.0}],"positionsFlipped":[]},{"name":"9421b52b","positions":[{"x":0.0,"y":0.0,"z":164.0}],"positionsFlipped":[]},{"name":"871ae7ad","positions":[],"positionsFlipped":[{"x":0.0,"y":0.0,"z":0.0}]},{"name":"5650b6d5","positions":[],"positionsFlipped":[{"x":0.0,"y":0.0,"z":-164.0}]},{"name":"efc7c40b","positions":[{"x":0.0,"y":0.0,"z":53.0},{"x":0.0,"y":0.0,"z":39.0},{"x":0.0,"y":0.0,"z":25.0},{"x":0.0,"y":0.0,"z":11.0}],"positionsFlipped":[]},{"name":"7e0ae380","positions":[],"positionsFlipped":[{"x":0.0,"y":0.0,"z":-53.0},{"x":0.0,"y":0.0,"z":-39.0},{"x":0.0,"y":0.0,"z":-25.0},{"x":0.0,"y":0.0,"z":-11.0}]},{"name":"ec08e881","positions":[],"positionsFlipped":[{"x":0.0,"y":0.0,"z":-53.0},{"x":0.0,"y":0.0,"z":-39.0},{"x":0.0,"y":0.0,"z":-25.0},{"x":0.0,"y":0.0,"z":-11.0}]},{"name":"f07bdd1","positions":[{"x":0.0,"y":0.0,"z":53.0},{"x":0.0,"y":0.0,"z":39.0},{"x":0.0,"y":0.0,"z":25.0},{"x":0.0,"y":0.0,"z":11.0}],"positionsFlipped":[]},{"name":"e08a5171","positions":[{"x":0.0,"y":0.0,"z":-83.0},{"x":0.0,"y":0.0,"z":-97.0},{"x":0.0,"y":0.0,"z":-111.0},{"x":0.0,"y":0.0,"z":-125.0}],"positionsFlipped":[]},{"name":"f6ca6192","positions":[],"positionsFlipped":[{"x":0.0,"y":0.0,"z":-142.0}]},{"name":"a79784cb","positions":[{"x":0.0,"y":0.0,"z":-83.0},{"x":0.0,"y":0.0,"z":-97.0},{"x":0.0,"y":0.0,"z":-111.0},{"x":0.0,"y":0.0,"z":-125.0}],"positionsFlipped":[]},{"name":"9f159c21","positions":[],"positionsFlipped":[{"x":0.0,"y":0.0,"z":-142.0}]},{"name":"f6175e5f","positions":[],"positionsFlipped":[{"x":0.0,"y":0.0,"z":83.0}]},{"name":"5375bcdd","positions":[{"x":0.0,"y":0.0,"z":142.0},{"x":0.0,"y":0.0,"z":105.0},{"x":0.0,"y":0.0,"z":117.0},{"x":0.0,"y":0.0,"z":129.0}],"positionsFlipped":[]},{"name":"86132512","positions":[{"x":0.0,"y":0.0,"z":105.0}],"positionsFlipped":[]},{"name":"ee7dc45c","positions":[{"x":0.0,"y":0.0,"z":105.0}],"positionsFlipped":[]},{"name":"1d55ee75","positions":[{"x":0.0,"y":0.0,"z":0.0}],"positionsFlipped":[]},{"name":"fe2f5757","positions":[{"x":0.0,"y":0.0,"z":0.0}],"positionsFlipped":[]},{"name":"8c6f41cb","positions":[{"x":0.0,"y":0.0,"z":0.0}],"positionsFlipped":[]},{"name":"555be6e5","positions":[{"x":0.0,"y":0.0,"z":0.0}],"positionsFlipped":[]},{"name":"7e90d1b5","positions":[{"x":0.0,"y":0.0,"z":0.0}],"positionsFlipped":[]},{"name":"8749ab0a","positions":[],"positionsFlipped":[{"x":0.0,"y":0.0,"z":0.0}]},{"name":"f4063536","positions":[],"positionsFlipped":[{"x":0.0,"y":0.0,"z":0.0}]},{"name":"f563c990","positions":[{"x":0.0,"y":0.0,"z":0.0}],"positionsFlipped":[]},{"name":"e32b54a7","positions":[{"x":0.0,"y":0.0,"z":0.0},{"x":0.0,"y":0.0,"z":136.0}],"positionsFlipped":[]},{"name":"a190dd32","positions":[],"positionsFlipped":[{"x":0.0,"y":0.0,"z":0.0},{"x":0.0,"y":0.0,"z":-136.0}]},{"name":"a688b80b","positions":[{"x":0.0,"y":0.0,"z":0.0},{"x":0.0,"y":0.0,"z":136.0}],"positionsFlipped":[]},{"name":"8f44d834","positions":[],"positionsFlipped":[{"x":0.0,"y":0.0,"z":0.0},{"x":0.0,"y":0.0,"z":-136.0}]},{"name":"112f62c9","positions":[{"x":0.0,"y":0.0,"z":2.4}],"positionsFlipped":[]},{"name":"b7444d7","positions":[],"positionsFlipped":[{"x":0.0,"y":0.0,"z":-2.4}]},{"name":"516fccdd","positions":[{"x":0.0,"y":0.0,"z":0.0}],"positionsFlipped":[]},{"name":"c70aadde","positions":[],"positionsFlipped":[{"x":0.0,"y":0.0,"z":0.0}]},{"name":"81f2aef1","positions":[],"positionsFlipped":[{"x":0.0,"y":0.0,"z":83.0}]},{"name":"4296b183","positions":[{"x":0.0,"y":0.0,"z":0.0},{"x":0.0,"y":0.0,"z":136.0}],"positionsFlipped":[]},{"name":"bb916d15","positions":[{"x":0.0,"y":0.0,"z":0.0},{"x":0.0,"y":0.0,"z":136.0}],"positionsFlipped":[]},{"name":"bb80aa12","positions":[],"positionsFlipped":[{"x":0.0,"y":0.0,"z":80.0}]},{"name":"f0ea6287","positions":[{"x":0.0,"y":0.0,"z":0.0},{"x":0.0,"y":0.0,"z":136.0}],"positionsFlipped":[{"x":0.0,"y":0.0,"z":0.0},{"x":0.0,"y":0.0,"z":-136.0}]},{"name":"e2cf2cf0","positions":[{"x":0.0,"y":0.0,"z":0.0},{"x":0.0,"y":0.0,"z":136.0}],"positionsFlipped":[{"x":0.0,"y":0.0,"z":0.0},{"x":0.0,"y":0.0,"z":-136.0}]},{"name":"367bd65d","positions":[{"x":0.0,"y":0.0,"z":0.0}],"positionsFlipped":[{"x":0.0,"y":0.0,"z":0.0}]},{"name":"95ad4cdf","positions":[{"x":0.0,"y":0.0,"z":0.0}],"positionsFlipped":[{"x":0.0,"y":0.0,"z":0.0}]},{"name":"d3304e08","positions":[{"x":0.0,"y":0.0,"z":0.0}],"positionsFlipped":[{"x":0.0,"y":0.0,"z":0.0}]},{"name":"b6bbf381","positions":[{"x":0.0,"y":0.0,"z":0.0}],"positionsFlipped":[]},{"name":"1a0bd665","positions":[],"positionsFlipped":[{"x":0.0,"y":0.0,"z":0.0}]}]}