{"positionDefinitions":[{"name":"1b331e41","positions":[{"x":0.0,"y":0.0,"z":0.0}],"positionsFlipped":[]},{"name":"7ecca923","positions":[{"x":0.0,"y":0.0,"z":0.0}],"positionsFlipped":[]},{"name":"abc85f23","positions":[{"x":0.0,"y":0.0,"z":0.0},{"x":0.0,"y":0.0,"z":136.0}],"positionsFlipped":[]},{"name":"40a504b5","positions":[{"x":0.0,"y":0.0,"z":-136.0},{"x":0.0,"y":0.0,"z":-108.0},{"x":0.0,"y":0.0,"z":-164.0},{"x":0.0,"y":0.0,"z":-80.0}],"positionsFlipped":[]},{"name":"4c5e642b","positions":[],"positionsFlipped":[{"x":0.0,"y":0.0,"z":0.0},{"x":0.0,"y":0.0,"z":-136.0}]},{"name":"9e41f661","positions":[{"x":0.0,"y":0.0,"z":0.0}],"positionsFlipped":[]},{"name":"fa5be165","positions":[{"x":0.0,"y":0.0,"z":0.0}],"positionsFlipped":[]},{"name":"628650af","positions":[{"x":0.0,"y":0.0,"z":0.0},{"x":0.0,"y":0.0,"z":136.0}],"positionsFlipped":[]},{"name":"9d7f144d","positions":[{"x":0.0,"y":0.0,"z":0.0},{"x":0.0,"y":0.0,"z":136.0}],"positionsFlipped":[]},{"name":"a12960f7","positions":[],"positionsFlipped":[{"x":0.0,"y":0.0,"z":0.0},{"x":0.0,"y":0.0,"z":-136.0}]},{"name":"fafaa6b5","positions":[],"positionsFlipped":[{"x":0.0,"y":0.0,"z":0.0},{"x":0.0,"y":0.0,"z":-136.0}]},{"name":"29e467a0","positions":[{"x":0.0,"y":0.0,"z":0.0},{"x":0.0,"y":0.0,"z":136.0}],"positionsFlipped":[]},{"name":"bb80e6c7","positions":[{"x":0.0,"y":0.0,"z":0.0}],"positionsFlipped":[]},{"name":"67e6d1ef","positions":[{"x":0.0,"y":0.0,"z":0.0}],"positionsFlipped":[]},{"name":"878ee06c","positions":[{"x":0.0,"y":0.0,"z":0.0}],"positionsFlipped":[]},{"name":"4207b2dc","positions":[{"x":0.0,"y":0.0,"z":0.0}],"positionsFlipped":[]},{"name":"4ec6b091","positions":[{"x":0.0,"y":0.0,"z":0.0}],"positionsFlipped":[]},{"name":"f4ed3a92","positions":[{"x":0.0,"y":0.0,"z":0.0}],"positionsFlipped":[]},{"name":"4c41619f","positions":[{"x":0.0,"y":0.0,"z":0.0}],"positionsFlipped":[]},{"name":"85b1ffa9","positions":[{"x":0.0,"y":0.0,"z":0.0}],"positionsFlipped":[]},{"name":"fbaabf2c","positions":[{"x":0.0,"y":0.0,"z":0.0}],"positionsFlipped":[]},{"name":"ca461b47","positions":[{"x":0.0,"y":0.0,"z":-52.0},{"x":0.0,"y":0.0,"z":0.0},{"x":0.0,"y":0.0,"z":28.0},{"x":0.0,"y":0.0,"z":56.0},{"x":0.0,"y":0.0,"z":84.0},{"x":0.0,"y":0.0,"z":136.0}],"positionsFlipped":[]},{"name":"9a2c006d","positions":[{"x":0.0,"y":0.0,"z":0.0},{"x":0.0,"y":0.0,"z":136.0}],"positionsFlipped":[]},{"name":"48b4f185","positions":[{"x":0.0,"y":0.0,"z":0.0},{"x":0.0,"y":0.0,"z":136.0}],"positionsFlipped":[]},{"name":"d9de7032","positions":[{"x":0.0,"y":0.0,"z":0.0}],"positionsFlipped":[]},{"name":"3ffb325b","positions":[{"x":0.0,"y":0.0,"z":53.0},{"x":0.0,"y":0.0,"z":39.0},{"x":0.0,"y":0.0,"z":25.0},{"x":0.0,"y":0.0,"z":11.0}],"positionsFlipped":[]},{"name":"44096dc9","positions":[],"positionsFlipped":[{"x":0.0,"y":0.0,"z":-53.0},{"x":0.0,"y":0.0,"z":-39.0},{"x":0.0,"y":0.0,"z":-25.0},{"x":0.0,"y":0.0,"z":-11.0}]},{"name":"2cc89592","positions":[],"positionsFlipped":[{"x":0.0,"y":0.0,"z":-53.0},{"x":0.0,"y":0.0,"z":-39.0},{"x":0.0,"y":0.0,"z":-25.0},{"x":0.0,"y":0.0,"z":-11.0}]},{"name":"659fc8e0","positions":[{"x":0.0,"y":0.0,"z":53.0},{"x":0.0,"y":0.0,"z":39.0},{"x":0.0,"y":0.0,"z":25.0},{"x":0.0,"y":0.0,"z":11.0}],"positionsFlipped":[]},{"name":"74d9b3d1","positions":[],"positionsFlipped":[{"x":0.0,"y":0.0,"z":83.0},{"x":0.0,"y":0.0,"z":97.0},{"x":0.0,"y":0.0,"z":111.0},{"x":0.0,"y":0.0,"z":125.0}]},{"name":"a97f616a","positions":[{"x":0.0,"y":0.0,"z":142.0}],"positionsFlipped":[]},{"name":"195e8b64","positions":[],"positionsFlipped":[{"x":0.0,"y":0.0,"z":83.0},{"x":0.0,"y":0.0,"z":97.0},{"x":0.0,"y":0.0,"z":111.0},{"x":0.0,"y":0.0,"z":125.0}]},{"name":"e5d0c008","positions":[{"x":0.0,"y":0.0,"z":142.0}],"positionsFlipped":[]},{"name":"350af12a","positions":[{"x":0.0,"y":0.0,"z":-83.0}],"positionsFlipped":[]},{"name":"5c89f096","positions":[],"positionsFlipped":[{"x":0.0,"y":0.0,"z":-105.0},{"x":0.0,"y":0.0,"z":-91.0}]},{"name":"d05df80e","positions":[{"x":0.0,"y":0.0,"z":0.0}],"positionsFlipped":[]},{"name":"bfd74d60","positions":[{"x":0.0,"y":0.0,"z":0.0}],"positionsFlipped":[]},{"name":"7958daf7","positions":[{"x":0.0,"y":0.0,"z":0.0}],"positionsFlipped":[]},{"name":"268b04d6","positions":[{"x":0.0,"y":0.0,"z":0.0}],"positionsFlipped":[]},{"name":"e88674e9","positions":[{"x":0.0,"y":0.0,"z":0.0}],"positionsFlipped":[]},{"name":"54b754a8","positions":[{"x":0.0,"y":0.0,"z":0.0}],"positionsFlipped":[]},{"name":"3eb4782e","positions":[{"x":0.0,"y":0.0,"z":0.0}],"positionsFlipped":[]},{"name":"df8da4db","positions":[{"x":0.0,"y":0.0,"z":0.0},{"x":0.0,"y":0.0,"z":136.0}],"positionsFlipped":[]},{"name":"f4e6b450","positions":[],"positionsFlipped":[{"x":0.0,"y":0.0,"z":0.0},{"x":0.0,"y":0.0,"z":-136.0}]},{"name":"d9dbb5ac","positions":[{"x":0.0,"y":0.0,"z":0.0},{"x":0.0,"y":0.0,"z":136.0}],"positionsFlipped":[]},{"name":"550a1378","positions":[],"positionsFlipped":[{"x":0.0,"y":0.0,"z":0.0},{"x":0.0,"y":0.0,"z":-136.0}]},{"name":"2edbb5a","positions":[{"x":0.0,"y":0.0,"z":0.0}],"positionsFlipped":[]},{"name":"b6fa123d","positions":[{"x":0.0,"y":0.0,"z":0.0}],"positionsFlipped":[]},{"name":"7e45ab23","positions":[{"x":0.0,"y":0.0,"z":0.0}],"positionsFlipped":[]},{"name":"31be543a","positions":[{"x":0.0,"y":0.0,"z":2.4}],"positionsFlipped":[]},{"name":"b33bcac9","positions":[],"positionsFlipped":[{"x":0.0,"y":0.0,"z":-2.4}]},{"name":"34802d29","positions":[{"x":0.0,"y":0.0,"z":0.0}],"positionsFlipped":[]},{"name":"ab470ddb","positions":[],"positionsFlipped":[{"x":-24.0,"y":0.0,"z":-105.0}]},{"name":"9c2e60cb","positions":[],"positionsFlipped":[{"x":0.0,"y":0.0,"z":80.0}]},{"name":"2d046e31","positions":[{"x":0.0,"y":0.0,"z":0.0},{"x":0.0,"y":0.0,"z":136.0}],"positionsFlipped":[{"x":0.0,"y":0.0,"z":0.0},{"x":0.0,"y":0.0,"z":-136.0}]},{"name":"94dc92b5","positions":[{"x":0.0,"y":0.0,"z":0.0}],"positionsFlipped":[]},{"name":"a88715c9","positions":[{"x":0.0,"y":0.0,"z":0.0}],"positionsFlipped":[]},{"name":"fdeacb5c","positions":[{"x":0.0,"y":0.0,"z":0.0}],"positionsFlipped":[]},{"name":"70de2855","positions":[{"x":0.0,"y":0.0,"z":0.0}],"positionsFlipped":[]},{"name":"3574dd0a","positions":[{"x":0.0,"y":0.0,"z":0.0}],"positionsFlipped":[{"x":0.0,"y":0.0,"z":0.0}]},{"name":"c20ed5b7","positions":[{"x":0.0,"y":0.0,"z":0.0}],"positionsFlipped":[{"x":0.0,"y":0.0,"z":0.0}]},{"name":"159ff415","positions":[{"x":0.0,"y":0.0,"z":0.0},{"x":0.0,"y":0.0,"z":136.0}],"positionsFlipped":[{"x":0.0,"y":0.0,"z":0.0},{"x":0.0,"y":0.0,"z":-136.0}]}]}