{"parts":[{"names":["exterior_door"],"positionDefinitions":["e2acecec"],"condition":"NORMAL","renderStage":"EXTERIOR","type":"NORMAL","displayXPadding":0.0,"displayYPadding":0.0,"displayColorCjk":"","displayColor":"","displayMaxLineHeight":0.0,"displayCjkSizeRatio":0.0,"displayOptions":[],"displayPadZeros":0.0,"displayType":"DESTINATION","displayDefaultText":"","doorXMultiplier":0.0,"doorZMultiplier":0.0,"doorAnimationType":"PLUG_FAST"},{"names":["exterior_window"],"positionDefinitions":["4ec237a9"],"condition":"NORMAL","renderStage":"EXTERIOR","type":"NORMAL","displayXPadding":0.0,"displayYPadding":0.0,"displayColorCjk":"","displayColor":"","displayMaxLineHeight":0.0,"displayCjkSizeRatio":0.0,"displayOptions":[],"displayPadZeros":0.0,"displayType":"DESTINATION","displayDefaultText":"","doorXMultiplier":0.0,"doorZMultiplier":0.0,"doorAnimationType":"PLUG_FAST"},{"names":["exterior_door"],"positionDefinitions":["251bb7d5"],"condition":"NORMAL","renderStage":"EXTERIOR","type":"NORMAL","displayXPadding":0.0,"displayYPadding":0.0,"displayColorCjk":"","displayColor":"","displayMaxLineHeight":0.0,"displayCjkSizeRatio":0.0,"displayOptions":[],"displayPadZeros":0.0,"displayType":"DESTINATION","displayDefaultText":"","doorXMultiplier":0.0,"doorZMultiplier":0.0,"doorAnimationType":"PLUG_FAST"},{"names":["roof_vent"],"positionDefinitions":["822bf27a"],"condition":"NORMAL","renderStage":"EXTERIOR","type":"NORMAL","displayXPadding":0.0,"displayYPadding":0.0,"displayColorCjk":"","displayColor":"","displayMaxLineHeight":0.0,"displayCjkSizeRatio":0.0,"displayOptions":[],"displayPadZeros":0.0,"displayType":"DESTINATION","displayDefaultText":"","doorXMultiplier":0.0,"doorZMultiplier":0.0,"doorAnimationType":"PLUG_FAST"},{"names":["door_left"],"positionDefinitions":["28f64a78"],"condition":"NORMAL","renderStage":"INTERIOR","type":"NORMAL","displayXPadding":0.0,"displayYPadding":0.0,"displayColorCjk":"","displayColor":"","displayMaxLineHeight":0.0,"displayCjkSizeRatio":0.0,"displayOptions":[],"displayPadZeros":0.0,"displayType":"DESTINATION","displayDefaultText":"","doorXMultiplier":1.0,"doorZMultiplier":-10.0,"doorAnimationType":"PLUG_FAST"},{"names":["door_right"],"positionDefinitions":["b6027e48"],"condition":"NORMAL","renderStage":"INTERIOR","type":"NORMAL","displayXPadding":0.0,"displayYPadding":0.0,"displayColorCjk":"","displayColor":"","displayMaxLineHeight":0.0,"displayCjkSizeRatio":0.0,"displayOptions":[],"displayPadZeros":0.0,"displayType":"DESTINATION","displayDefaultText":"","doorXMultiplier":1.0,"doorZMultiplier":10.0,"doorAnimationType":"PLUG_FAST"},{"names":["door_left"],"positionDefinitions":["3e86fe26"],"condition":"NORMAL","renderStage":"INTERIOR","type":"NORMAL","displayXPadding":0.0,"displayYPadding":0.0,"displayColorCjk":"","displayColor":"","displayMaxLineHeight":0.0,"displayCjkSizeRatio":0.0,"displayOptions":[],"displayPadZeros":0.0,"displayType":"DESTINATION","displayDefaultText":"","doorXMultiplier":1.0,"doorZMultiplier":-10.0,"doorAnimationType":"PLUG_FAST"},{"names":["door_right"],"positionDefinitions":["a6152fc0"],"condition":"NORMAL","renderStage":"INTERIOR","type":"NORMAL","displayXPadding":0.0,"displayYPadding":0.0,"displayColorCjk":"","displayColor":"","displayMaxLineHeight":0.0,"displayCjkSizeRatio":0.0,"displayOptions":[],"displayPadZeros":0.0,"displayType":"DESTINATION","displayDefaultText":"","doorXMultiplier":1.0,"doorZMultiplier":10.0,"doorAnimationType":"PLUG_FAST"},{"names":["interior_door"],"positionDefinitions":["2fc1b17a"],"condition":"NORMAL","renderStage":"INTERIOR","type":"NORMAL","displayXPadding":0.0,"displayYPadding":0.0,"displayColorCjk":"","displayColor":"","displayMaxLineHeight":0.0,"displayCjkSizeRatio":0.0,"displayOptions":[],"displayPadZeros":0.0,"displayType":"DESTINATION","displayDefaultText":"","doorXMultiplier":0.0,"doorZMultiplier":0.0,"doorAnimationType":"PLUG_FAST"},{"names":["exterior_window_toilet"],"positionDefinitions":["483caa21"],"condition":"NORMAL","renderStage":"EXTERIOR","type":"NORMAL","displayXPadding":0.0,"displayYPadding":0.0,"displayColorCjk":"","displayColor":"","displayMaxLineHeight":0.0,"displayCjkSizeRatio":0.0,"displayOptions":[],"displayPadZeros":0.0,"displayType":"DESTINATION","displayDefaultText":"","doorXMultiplier":0.0,"doorZMultiplier":0.0,"doorAnimationType":"PLUG_FAST"},{"names":["exterior_end"],"positionDefinitions":["3fce25f7"],"condition":"NORMAL","renderStage":"EXTERIOR","type":"NORMAL","displayXPadding":0.0,"displayYPadding":0.0,"displayColorCjk":"","displayColor":"","displayMaxLineHeight":0.0,"displayCjkSizeRatio":0.0,"displayOptions":[],"displayPadZeros":0.0,"displayType":"DESTINATION","displayDefaultText":"","doorXMultiplier":0.0,"doorZMultiplier":0.0,"doorAnimationType":"PLUG_FAST"},{"names":["undercarraige_car2"],"positionDefinitions":["10594bfd"],"condition":"NORMAL","renderStage":"EXTERIOR","type":"NORMAL","displayXPadding":0.0,"displayYPadding":0.0,"displayColorCjk":"","displayColor":"","displayMaxLineHeight":0.0,"displayCjkSizeRatio":0.0,"displayOptions":[],"displayPadZeros":0.0,"displayType":"DESTINATION","displayDefaultText":"","doorXMultiplier":0.0,"doorZMultiplier":0.0,"doorAnimationType":"PLUG_FAST"},{"names":["car_2_bogie"],"positionDefinitions":["d68d054b"],"condition":"NORMAL","renderStage":"EXTERIOR","type":"NORMAL","displayXPadding":0.0,"displayYPadding":0.0,"displayColorCjk":"","displayColor":"","displayMaxLineHeight":0.0,"displayCjkSizeRatio":0.0,"displayOptions":[],"displayPadZeros":0.0,"displayType":"DESTINATION","displayDefaultText":"","doorXMultiplier":0.0,"doorZMultiplier":0.0,"doorAnimationType":"PLUG_FAST"},{"names":["car_2_bogie"],"positionDefinitions":["82046f48"],"condition":"NORMAL","renderStage":"EXTERIOR","type":"NORMAL","displayXPadding":0.0,"displayYPadding":0.0,"displayColorCjk":"","displayColor":"","displayMaxLineHeight":0.0,"displayCjkSizeRatio":0.0,"displayOptions":[],"displayPadZeros":0.0,"displayType":"DESTINATION","displayDefaultText":"","doorXMultiplier":0.0,"doorZMultiplier":0.0,"doorAnimationType":"PLUG_FAST"},{"names":["interior_middle"],"positionDefinitions":["6a2bcb90"],"condition":"NORMAL","renderStage":"INTERIOR","type":"NORMAL","displayXPadding":0.0,"displayYPadding":0.0,"displayColorCjk":"","displayColor":"","displayMaxLineHeight":0.0,"displayCjkSizeRatio":0.0,"displayOptions":[],"displayPadZeros":0.0,"displayType":"DESTINATION","displayDefaultText":"","doorXMultiplier":0.0,"doorZMultiplier":0.0,"doorAnimationType":"PLUG_FAST"},{"names":["interior_end"],"positionDefinitions":["8d497062"],"condition":"NORMAL","renderStage":"INTERIOR","type":"NORMAL","displayXPadding":0.0,"displayYPadding":0.0,"displayColorCjk":"","displayColor":"","displayMaxLineHeight":0.0,"displayCjkSizeRatio":0.0,"displayOptions":[],"displayPadZeros":0.0,"displayType":"DESTINATION","displayDefaultText":"","doorXMultiplier":0.0,"doorZMultiplier":0.0,"doorAnimationType":"PLUG_FAST"},{"names":["interior_end_toilet"],"positionDefinitions":["4609e737"],"condition":"NORMAL","renderStage":"INTERIOR","type":"NORMAL","displayXPadding":0.0,"displayYPadding":0.0,"displayColorCjk":"","displayColor":"","displayMaxLineHeight":0.0,"displayCjkSizeRatio":0.0,"displayOptions":[],"displayPadZeros":0.0,"displayType":"DESTINATION","displayDefaultText":"","doorXMultiplier":0.0,"doorZMultiplier":0.0,"doorAnimationType":"PLUG_FAST"},{"names":["door_lights_off"],"positionDefinitions":["b8f4d821"],"condition":"DOORS_CLOSED","renderStage":"EXTERIOR","type":"NORMAL","displayXPadding":0.0,"displayYPadding":0.0,"displayColorCjk":"","displayColor":"","displayMaxLineHeight":0.0,"displayCjkSizeRatio":0.0,"displayOptions":[],"displayPadZeros":0.0,"displayType":"DESTINATION","displayDefaultText":"","doorXMultiplier":0.0,"doorZMultiplier":0.0,"doorAnimationType":"PLUG_FAST"},{"names":["door_lights_on"],"positionDefinitions":["7ee7f6f9"],"condition":"DOORS_OPENED","renderStage":"LIGHT","type":"NORMAL","displayXPadding":0.0,"displayYPadding":0.0,"displayColorCjk":"","displayColor":"","displayMaxLineHeight":0.0,"displayCjkSizeRatio":0.0,"displayOptions":[],"displayPadZeros":0.0,"displayType":"DESTINATION","displayDefaultText":"","doorXMultiplier":0.0,"doorZMultiplier":0.0,"doorAnimationType":"PLUG_FAST"},{"names":["tail_lights"],"positionDefinitions":["f7162740"],"condition":"ON_ROUTE_FORWARDS","renderStage":"LIGHT","type":"NORMAL","displayXPadding":0.0,"displayYPadding":0.0,"displayColorCjk":"","displayColor":"","displayMaxLineHeight":0.0,"displayCjkSizeRatio":0.0,"displayOptions":[],"displayPadZeros":0.0,"displayType":"DESTINATION","displayDefaultText":"","doorXMultiplier":0.0,"doorZMultiplier":0.0,"doorAnimationType":"PLUG_FAST"},{"names":["headlights"],"positionDefinitions":["d1f899f8"],"condition":"ON_ROUTE_BACKWARDS","renderStage":"LIGHT","type":"NORMAL","displayXPadding":0.0,"displayYPadding":0.0,"displayColorCjk":"","displayColor":"","displayMaxLineHeight":0.0,"displayCjkSizeRatio":0.0,"displayOptions":[],"displayPadZeros":0.0,"displayType":"DESTINATION","displayDefaultText":"","doorXMultiplier":0.0,"doorZMultiplier":0.0,"doorAnimationType":"PLUG_FAST"},{"names":["interior_window_lights"],"positionDefinitions":["f4e68bae"],"condition":"NORMAL","renderStage":"LIGHT","type":"NORMAL","displayXPadding":0.0,"displayYPadding":0.0,"displayColorCjk":"","displayColor":"","displayMaxLineHeight":0.0,"displayCjkSizeRatio":0.0,"displayOptions":[],"displayPadZeros":0.0,"displayType":"DESTINATION","displayDefaultText":"","doorXMultiplier":0.0,"doorZMultiplier":0.0,"doorAnimationType":"PLUG_FAST"},{"names":["interior_door_lights"],"positionDefinitions":["a4877682"],"condition":"NORMAL","renderStage":"LIGHT","type":"NORMAL","displayXPadding":0.0,"displayYPadding":0.0,"displayColorCjk":"","displayColor":"","displayMaxLineHeight":0.0,"displayCjkSizeRatio":0.0,"displayOptions":[],"displayPadZeros":0.0,"displayType":"DESTINATION","displayDefaultText":"","doorXMultiplier":0.0,"doorZMultiplier":0.0,"doorAnimationType":"PLUG_FAST"},{"names":["interior_door_translucent"],"positionDefinitions":["8012b8a2"],"condition":"NORMAL","renderStage":"INTERIOR_TRANSLUCENT","type":"NORMAL","displayXPadding":0.0,"displayYPadding":0.0,"displayColorCjk":"","displayColor":"","displayMaxLineHeight":0.0,"displayCjkSizeRatio":0.0,"displayOptions":[],"displayPadZeros":0.0,"displayType":"DESTINATION","displayDefaultText":"","doorXMultiplier":0.0,"doorZMultiplier":0.0,"doorAnimationType":"PLUG_FAST"},{"names":["interior_end_lights"],"positionDefinitions":["8bdf7922"],"condition":"NORMAL","renderStage":"LIGHT","type":"NORMAL","displayXPadding":0.0,"displayYPadding":0.0,"displayColorCjk":"","displayColor":"","displayMaxLineHeight":0.0,"displayCjkSizeRatio":0.0,"displayOptions":[],"displayPadZeros":0.0,"displayType":"DESTINATION","displayDefaultText":"","doorXMultiplier":0.0,"doorZMultiplier":0.0,"doorAnimationType":"PLUG_FAST"},{"names":["interior_window_lights"],"positionDefinitions":["9421b52b"],"condition":"NORMAL","renderStage":"LIGHT","type":"NORMAL","displayXPadding":0.0,"displayYPadding":0.0,"displayColorCjk":"","displayColor":"","displayMaxLineHeight":0.0,"displayCjkSizeRatio":0.0,"displayOptions":[],"displayPadZeros":0.0,"displayType":"DESTINATION","displayDefaultText":"","doorXMultiplier":0.0,"doorZMultiplier":0.0,"doorAnimationType":"PLUG_FAST"},{"names":["interior_end_lights"],"positionDefinitions":["871ae7ad"],"condition":"NORMAL","renderStage":"LIGHT","type":"NORMAL","displayXPadding":0.0,"displayYPadding":0.0,"displayColorCjk":"","displayColor":"","displayMaxLineHeight":0.0,"displayCjkSizeRatio":0.0,"displayOptions":[],"displayPadZeros":0.0,"displayType":"DESTINATION","displayDefaultText":"","doorXMultiplier":0.0,"doorZMultiplier":0.0,"doorAnimationType":"PLUG_FAST"},{"names":["interior_window_lights"],"positionDefinitions":["5650b6d5"],"condition":"NORMAL","renderStage":"LIGHT","type":"NORMAL","displayXPadding":0.0,"displayYPadding":0.0,"displayColorCjk":"","displayColor":"","displayMaxLineHeight":0.0,"displayCjkSizeRatio":0.0,"displayOptions":[],"displayPadZeros":0.0,"displayType":"DESTINATION","displayDefaultText":"","doorXMultiplier":0.0,"doorZMultiplier":0.0,"doorAnimationType":"PLUG_FAST"},{"names":["seat_right"],"positionDefinitions":["efc7c40b"],"condition":"NORMAL","renderStage":"INTERIOR","type":"NORMAL","displayXPadding":0.0,"displayYPadding":0.0,"displayColorCjk":"","displayColor":"","displayMaxLineHeight":0.0,"displayCjkSizeRatio":0.0,"displayOptions":[],"displayPadZeros":0.0,"displayType":"DESTINATION","displayDefaultText":"","doorXMultiplier":0.0,"doorZMultiplier":0.0,"doorAnimationType":"PLUG_FAST"},{"names":["seat_left"],"positionDefinitions":["7e0ae380"],"condition":"NORMAL","renderStage":"INTERIOR","type":"NORMAL","displayXPadding":0.0,"displayYPadding":0.0,"displayColorCjk":"","displayColor":"","displayMaxLineHeight":0.0,"displayCjkSizeRatio":0.0,"displayOptions":[],"displayPadZeros":0.0,"displayType":"DESTINATION","displayDefaultText":"","doorXMultiplier":0.0,"doorZMultiplier":0.0,"doorAnimationType":"PLUG_FAST"},{"names":["seat_right"],"positionDefinitions":["ec08e881"],"condition":"NORMAL","renderStage":"INTERIOR","type":"NORMAL","displayXPadding":0.0,"displayYPadding":0.0,"displayColorCjk":"","displayColor":"","displayMaxLineHeight":0.0,"displayCjkSizeRatio":0.0,"displayOptions":[],"displayPadZeros":0.0,"displayType":"DESTINATION","displayDefaultText":"","doorXMultiplier":0.0,"doorZMultiplier":0.0,"doorAnimationType":"PLUG_FAST"},{"names":["seat_left"],"positionDefinitions":["f07bdd1"],"condition":"NORMAL","renderStage":"INTERIOR","type":"NORMAL","displayXPadding":0.0,"displayYPadding":0.0,"displayColorCjk":"","displayColor":"","displayMaxLineHeight":0.0,"displayCjkSizeRatio":0.0,"displayOptions":[],"displayPadZeros":0.0,"displayType":"DESTINATION","displayDefaultText":"","doorXMultiplier":0.0,"doorZMultiplier":0.0,"doorAnimationType":"PLUG_FAST"},{"names":["seat_right"],"positionDefinitions":["e08a5171"],"condition":"NORMAL","renderStage":"INTERIOR","type":"NORMAL","displayXPadding":0.0,"displayYPadding":0.0,"displayColorCjk":"","displayColor":"","displayMaxLineHeight":0.0,"displayCjkSizeRatio":0.0,"displayOptions":[],"displayPadZeros":0.0,"displayType":"DESTINATION","displayDefaultText":"","doorXMultiplier":0.0,"doorZMultiplier":0.0,"doorAnimationType":"PLUG_FAST"},{"names":["seat_right"],"positionDefinitions":["f6ca6192"],"condition":"NORMAL","renderStage":"INTERIOR","type":"NORMAL","displayXPadding":0.0,"displayYPadding":0.0,"displayColorCjk":"","displayColor":"","displayMaxLineHeight":0.0,"displayCjkSizeRatio":0.0,"displayOptions":[],"displayPadZeros":0.0,"displayType":"DESTINATION","displayDefaultText":"","doorXMultiplier":0.0,"doorZMultiplier":0.0,"doorAnimationType":"PLUG_FAST"},{"names":["seat_left"],"positionDefinitions":["a79784cb"],"condition":"NORMAL","renderStage":"INTERIOR","type":"NORMAL","displayXPadding":0.0,"displayYPadding":0.0,"displayColorCjk":"","displayColor":"","displayMaxLineHeight":0.0,"displayCjkSizeRatio":0.0,"displayOptions":[],"displayPadZeros":0.0,"displayType":"DESTINATION","displayDefaultText":"","doorXMultiplier":0.0,"doorZMultiplier":0.0,"doorAnimationType":"PLUG_FAST"},{"names":["seat_left"],"positionDefinitions":["9f159c21"],"condition":"NORMAL","renderStage":"INTERIOR","type":"NORMAL","displayXPadding":0.0,"displayYPadding":0.0,"displayColorCjk":"","displayColor":"","displayMaxLineHeight":0.0,"displayCjkSizeRatio":0.0,"displayOptions":[],"displayPadZeros":0.0,"displayType":"DESTINATION","displayDefaultText":"","doorXMultiplier":0.0,"doorZMultiplier":0.0,"doorAnimationType":"PLUG_FAST"},{"names":["seat_right"],"positionDefinitions":["f6175e5f"],"condition":"NORMAL","renderStage":"INTERIOR","type":"NORMAL","displayXPadding":0.0,"displayYPadding":0.0,"displayColorCjk":"","displayColor":"","displayMaxLineHeight":0.0,"displayCjkSizeRatio":0.0,"displayOptions":[],"displayPadZeros":0.0,"displayType":"DESTINATION","displayDefaultText":"","doorXMultiplier":0.0,"doorZMultiplier":0.0,"doorAnimationType":"PLUG_FAST"},{"names":["seat_right"],"positionDefinitions":["5375bcdd"],"condition":"NORMAL","renderStage":"INTERIOR","type":"NORMAL","displayXPadding":0.0,"displayYPadding":0.0,"displayColorCjk":"","displayColor":"","displayMaxLineHeight":0.0,"displayCjkSizeRatio":0.0,"displayOptions":[],"displayPadZeros":0.0,"displayType":"DESTINATION","displayDefaultText":"","doorXMultiplier":0.0,"doorZMultiplier":0.0,"doorAnimationType":"PLUG_FAST"},{"names":["seat_left"],"positionDefinitions":["86132512"],"condition":"NORMAL","renderStage":"INTERIOR","type":"NORMAL","displayXPadding":0.0,"displayYPadding":0.0,"displayColorCjk":"","displayColor":"","displayMaxLineHeight":0.0,"displayCjkSizeRatio":0.0,"displayOptions":[],"displayPadZeros":0.0,"displayType":"DESTINATION","displayDefaultText":"","doorXMultiplier":0.0,"doorZMultiplier":0.0,"doorAnimationType":"PLUG_FAST"},{"names":["seat_left"],"positionDefinitions":["ee7dc45c"],"condition":"NORMAL","renderStage":"INTERIOR","type":"NORMAL","displayXPadding":0.0,"displayYPadding":0.0,"displayColorCjk":"","displayColor":"","displayMaxLineHeight":0.0,"displayCjkSizeRatio":0.0,"displayOptions":[],"displayPadZeros":0.0,"displayType":"DESTINATION","displayDefaultText":"","doorXMultiplier":0.0,"doorZMultiplier":0.0,"doorAnimationType":"PLUG_FAST"},{"names":["exterior_window_1"],"positionDefinitions":["1d55ee75"],"condition":"NORMAL","renderStage":"EXTERIOR","type":"NORMAL","displayXPadding":0.0,"displayYPadding":0.0,"displayColorCjk":"","displayColor":"","displayMaxLineHeight":0.0,"displayCjkSizeRatio":0.0,"displayOptions":[],"displayPadZeros":0.0,"displayType":"DESTINATION","displayDefaultText":"","doorXMultiplier":0.0,"doorZMultiplier":0.0,"doorAnimationType":"PLUG_FAST"},{"names":["exterior_window_2"],"positionDefinitions":["fe2f5757"],"condition":"NORMAL","renderStage":"EXTERIOR","type":"NORMAL","displayXPadding":0.0,"displayYPadding":0.0,"displayColorCjk":"","displayColor":"","displayMaxLineHeight":0.0,"displayCjkSizeRatio":0.0,"displayOptions":[],"displayPadZeros":0.0,"displayType":"DESTINATION","displayDefaultText":"","doorXMultiplier":0.0,"doorZMultiplier":0.0,"doorAnimationType":"PLUG_FAST"},{"names":["exterior_window_3"],"positionDefinitions":["8c6f41cb"],"condition":"NORMAL","renderStage":"EXTERIOR","type":"NORMAL","displayXPadding":0.0,"displayYPadding":0.0,"displayColorCjk":"","displayColor":"","displayMaxLineHeight":0.0,"displayCjkSizeRatio":0.0,"displayOptions":[],"displayPadZeros":0.0,"displayType":"DESTINATION","displayDefaultText":"","doorXMultiplier":0.0,"doorZMultiplier":0.0,"doorAnimationType":"PLUG_FAST"},{"names":["exterior_window_4"],"positionDefinitions":["555be6e5"],"condition":"NORMAL","renderStage":"EXTERIOR","type":"NORMAL","displayXPadding":0.0,"displayYPadding":0.0,"displayColorCjk":"","displayColor":"","displayMaxLineHeight":0.0,"displayCjkSizeRatio":0.0,"displayOptions":[],"displayPadZeros":0.0,"displayType":"DESTINATION","displayDefaultText":"","doorXMultiplier":0.0,"doorZMultiplier":0.0,"doorAnimationType":"PLUG_FAST"},{"names":["exterior_window_end"],"positionDefinitions":["7e90d1b5"],"condition":"NORMAL","renderStage":"EXTERIOR","type":"NORMAL","displayXPadding":0.0,"displayYPadding":0.0,"displayColorCjk":"","displayColor":"","displayMaxLineHeight":0.0,"displayCjkSizeRatio":0.0,"displayOptions":[],"displayPadZeros":0.0,"displayType":"DESTINATION","displayDefaultText":"","doorXMultiplier":0.0,"doorZMultiplier":0.0,"doorAnimationType":"PLUG_FAST"},{"names":["exterior_window_end"],"positionDefinitions":["8749ab0a"],"condition":"NORMAL","renderStage":"EXTERIOR","type":"NORMAL","displayXPadding":0.0,"displayYPadding":0.0,"displayColorCjk":"","displayColor":"","displayMaxLineHeight":0.0,"displayCjkSizeRatio":0.0,"displayOptions":[],"displayPadZeros":0.0,"displayType":"DESTINATION","displayDefaultText":"","doorXMultiplier":0.0,"doorZMultiplier":0.0,"doorAnimationType":"PLUG_FAST"},{"names":["exterior_window_end2"],"positionDefinitions":["f4063536"],"condition":"NORMAL","renderStage":"EXTERIOR","type":"NORMAL","displayXPadding":0.0,"displayYPadding":0.0,"displayColorCjk":"","displayColor":"","displayMaxLineHeight":0.0,"displayCjkSizeRatio":0.0,"displayOptions":[],"displayPadZeros":0.0,"displayType":"DESTINATION","displayDefaultText":"","doorXMultiplier":0.0,"doorZMultiplier":0.0,"doorAnimationType":"PLUG_FAST"},{"names":["exterior_end_toilet"],"positionDefinitions":["f563c990"],"condition":"NORMAL","renderStage":"EXTERIOR","type":"NORMAL","displayXPadding":0.0,"displayYPadding":0.0,"displayColorCjk":"","displayColor":"","displayMaxLineHeight":0.0,"displayCjkSizeRatio":0.0,"displayOptions":[],"displayPadZeros":0.0,"displayType":"DESTINATION","displayDefaultText":"","doorXMultiplier":0.0,"doorZMultiplier":0.0,"doorAnimationType":"PLUG_FAST"},{"names":["door_left_exterior"],"positionDefinitions":["e32b54a7"],"condition":"NORMAL","renderStage":"EXTERIOR","type":"NORMAL","displayXPadding":0.0,"displayYPadding":0.0,"displayColorCjk":"","displayColor":"","displayMaxLineHeight":0.0,"displayCjkSizeRatio":0.0,"displayOptions":[],"displayPadZeros":0.0,"displayType":"DESTINATION","displayDefaultText":"","doorXMultiplier":1.0,"doorZMultiplier":-10.0,"doorAnimationType":"PLUG_FAST"},{"names":["door_left_exterior"],"positionDefinitions":["a190dd32"],"condition":"NORMAL","renderStage":"EXTERIOR","type":"NORMAL","displayXPadding":0.0,"displayYPadding":0.0,"displayColorCjk":"","displayColor":"","displayMaxLineHeight":0.0,"displayCjkSizeRatio":0.0,"displayOptions":[],"displayPadZeros":0.0,"displayType":"DESTINATION","displayDefaultText":"","doorXMultiplier":1.0,"doorZMultiplier":-10.0,"doorAnimationType":"PLUG_FAST"},{"names":["door_right_exterior"],"positionDefinitions":["a688b80b"],"condition":"NORMAL","renderStage":"EXTERIOR","type":"NORMAL","displayXPadding":0.0,"displayYPadding":0.0,"displayColorCjk":"","displayColor":"","displayMaxLineHeight":0.0,"displayCjkSizeRatio":0.0,"displayOptions":[],"displayPadZeros":0.0,"displayType":"DESTINATION","displayDefaultText":"","doorXMultiplier":1.0,"doorZMultiplier":10.0,"doorAnimationType":"PLUG_FAST"},{"names":["door_right_exterior"],"positionDefinitions":["8f44d834"],"condition":"NORMAL","renderStage":"EXTERIOR","type":"NORMAL","displayXPadding":0.0,"displayYPadding":0.0,"displayColorCjk":"","displayColor":"","displayMaxLineHeight":0.0,"displayCjkSizeRatio":0.0,"displayOptions":[],"displayPadZeros":0.0,"displayType":"DESTINATION","displayDefaultText":"","doorXMultiplier":1.0,"doorZMultiplier":10.0,"doorAnimationType":"PLUG_FAST"},{"names":["pid_midcar1"],"positionDefinitions":["112f62c9"],"condition":"NORMAL","renderStage":"EXTERIOR","type":"DISPLAY","displayXPadding":0.0,"displayYPadding":0.0,"displayColorCjk":"FF9900","displayColor":"FF00","displayMaxLineHeight":0.0,"displayCjkSizeRatio":0.0,"displayOptions":["SCROLL_NORMAL","SINGLE_LINE"],"displayPadZeros":0.0,"displayType":"NEXT_STATION_UK","displayDefaultText":"","doorXMultiplier":0.0,"doorZMultiplier":0.0,"doorAnimationType":"PLUG_FAST"},{"names":["pid_midcar1"],"positionDefinitions":["b7444d7"],"condition":"NORMAL","renderStage":"EXTERIOR","type":"DISPLAY","displayXPadding":0.0,"displayYPadding":0.0,"displayColorCjk":"FF9900","displayColor":"FF00","displayMaxLineHeight":0.0,"displayCjkSizeRatio":0.0,"displayOptions":["SCROLL_NORMAL","SINGLE_LINE"],"displayPadZeros":0.0,"displayType":"NEXT_STATION_UK","displayDefaultText":"","doorXMultiplier":0.0,"doorZMultiplier":0.0,"doorAnimationType":"PLUG_FAST"},{"names":["pid_end"],"positionDefinitions":["516fccdd"],"condition":"NORMAL","renderStage":"EXTERIOR","type":"DISPLAY","displayXPadding":0.0,"displayYPadding":0.0,"displayColorCjk":"FF00","displayColor":"FF00","displayMaxLineHeight":0.0,"displayCjkSizeRatio":0.0,"displayOptions":["SCROLL_NORMAL","SINGLE_LINE"],"displayPadZeros":0.0,"displayType":"NEXT_STATION_UK","displayDefaultText":"","doorXMultiplier":0.0,"doorZMultiplier":0.0,"doorAnimationType":"PLUG_FAST"},{"names":["pid_end"],"positionDefinitions":["c70aadde"],"condition":"NORMAL","renderStage":"EXTERIOR","type":"DISPLAY","displayXPadding":0.0,"displayYPadding":0.0,"displayColorCjk":"FF00","displayColor":"FF00","displayMaxLineHeight":0.0,"displayCjkSizeRatio":0.0,"displayOptions":["SCROLL_NORMAL","SINGLE_LINE"],"displayPadZeros":0.0,"displayType":"NEXT_STATION_UK","displayDefaultText":"","doorXMultiplier":0.0,"doorZMultiplier":0.0,"doorAnimationType":"PLUG_FAST"},{"names":["seat_left"],"positionDefinitions":["81f2aef1"],"condition":"NORMAL","renderStage":"INTERIOR","type":"NORMAL","displayXPadding":0.0,"displayYPadding":0.0,"displayColorCjk":"","displayColor":"","displayMaxLineHeight":0.0,"displayCjkSizeRatio":0.0,"displayOptions":[],"displayPadZeros":0.0,"displayType":"DESTINATION","displayDefaultText":"","doorXMultiplier":0.0,"doorZMultiplier":0.0,"doorAnimationType":"PLUG_FAST"},{"names":["pid_int_dest"],"positionDefinitions":["4296b183"],"condition":"NORMAL","renderStage":"EXTERIOR","type":"DISPLAY","displayXPadding":0.0,"displayYPadding":0.0,"displayColorCjk":"1","displayColor":"1","displayMaxLineHeight":0.0,"displayCjkSizeRatio":0.0,"displayOptions":["SINGLE_LINE"],"displayPadZeros":0.0,"displayType":"DESTINATION","displayDefaultText":"","doorXMultiplier":0.0,"doorZMultiplier":0.0,"doorAnimationType":"PLUG_FAST"},{"names":["pid_int_ns"],"positionDefinitions":["bb916d15"],"condition":"NORMAL","renderStage":"EXTERIOR","type":"DISPLAY","displayXPadding":0.0,"displayYPadding":0.0,"displayColorCjk":"1","displayColor":"1","displayMaxLineHeight":0.0,"displayCjkSizeRatio":0.0,"displayOptions":[],"displayPadZeros":0.0,"displayType":"NEXT_STATION_MTR","displayDefaultText":"","doorXMultiplier":0.0,"doorZMultiplier":0.0,"doorAnimationType":"PLUG_FAST"},{"names":["interior_window_lights"],"positionDefinitions":["bb80aa12"],"condition":"NORMAL","renderStage":"LIGHT","type":"NORMAL","displayXPadding":0.0,"displayYPadding":0.0,"displayColorCjk":"","displayColor":"","displayMaxLineHeight":0.0,"displayCjkSizeRatio":0.0,"displayOptions":[],"displayPadZeros":0.0,"displayType":"DESTINATION","displayDefaultText":"","doorXMultiplier":0.0,"doorZMultiplier":0.0,"doorAnimationType":"PLUG_FAST"},{"names":["door_floor"],"positionDefinitions":["f0ea6287"],"condition":"NORMAL","renderStage":"EXTERIOR","type":"FLOOR","displayXPadding":0.0,"displayYPadding":0.0,"displayColorCjk":"FF9900","displayColor":"FF9900","displayMaxLineHeight":1.5,"displayCjkSizeRatio":2.0,"displayOptions":[],"displayPadZeros":0.0,"displayType":"DESTINATION","displayDefaultText":"Not In Service","doorXMultiplier":0.0,"doorZMultiplier":0.0,"doorAnimationType":"STANDARD"},{"names":["doorway"],"positionDefinitions":["e2cf2cf0"],"condition":"NORMAL","renderStage":"EXTERIOR","type":"DOORWAY","displayXPadding":0.0,"displayYPadding":0.0,"displayColorCjk":"FF9900","displayColor":"FF9900","displayMaxLineHeight":1.5,"displayCjkSizeRatio":2.0,"displayOptions":[],"displayPadZeros":0.0,"displayType":"DESTINATION","displayDefaultText":"Not In Service","doorXMultiplier":0.0,"doorZMultiplier":0.0,"doorAnimationType":"STANDARD"},{"names":["window_floor"],"positionDefinitions":["367bd65d"],"condition":"NORMAL","renderStage":"EXTERIOR","type":"FLOOR","displayXPadding":0.0,"displayYPadding":0.0,"displayColorCjk":"FF9900","displayColor":"FF9900","displayMaxLineHeight":1.5,"displayCjkSizeRatio":2.0,"displayOptions":[],"displayPadZeros":0.0,"displayType":"DESTINATION","displayDefaultText":"Not In Service","doorXMultiplier":0.0,"doorZMultiplier":0.0,"doorAnimationType":"STANDARD"},{"names":["window_seat"],"positionDefinitions":["95ad4cdf"],"condition":"NORMAL","renderStage":"EXTERIOR","type":"SEAT","displayXPadding":0.0,"displayYPadding":0.0,"displayColorCjk":"FF9900","displayColor":"FF9900","displayMaxLineHeight":1.5,"displayCjkSizeRatio":2.0,"displayOptions":[],"displayPadZeros":0.0,"displayType":"DESTINATION","displayDefaultText":"Not In Service","doorXMultiplier":0.0,"doorZMultiplier":0.0,"doorAnimationType":"STANDARD"},{"names":["end_floor"],"positionDefinitions":["d3304e08"],"condition":"NORMAL","renderStage":"EXTERIOR","type":"FLOOR","displayXPadding":0.0,"displayYPadding":0.0,"displayColorCjk":"FF9900","displayColor":"FF9900","displayMaxLineHeight":1.5,"displayCjkSizeRatio":2.0,"displayOptions":[],"displayPadZeros":0.0,"displayType":"DESTINATION","displayDefaultText":"Not In Service","doorXMultiplier":0.0,"doorZMultiplier":0.0,"doorAnimationType":"STANDARD"},{"names":["end_seat_toilet"],"positionDefinitions":["b6bbf381"],"condition":"NORMAL","renderStage":"EXTERIOR","type":"SEAT","displayXPadding":0.0,"displayYPadding":0.0,"displayColorCjk":"FF9900","displayColor":"FF9900","displayMaxLineHeight":1.5,"displayCjkSizeRatio":2.0,"displayOptions":[],"displayPadZeros":0.0,"displayType":"DESTINATION","displayDefaultText":"Not In Service","doorXMultiplier":0.0,"doorZMultiplier":0.0,"doorAnimationType":"STANDARD"},{"names":["end_seat_notoilet"],"positionDefinitions":["1a0bd665"],"condition":"NORMAL","renderStage":"EXTERIOR","type":"SEAT","displayXPadding":0.0,"displayYPadding":0.0,"displayColorCjk":"FF9900","displayColor":"FF9900","displayMaxLineHeight":1.5,"displayCjkSizeRatio":2.0,"displayOptions":[],"displayPadZeros":0.0,"displayType":"DESTINATION","displayDefaultText":"Not In Service","doorXMultiplier":0.0,"doorZMultiplier":0.0,"doorAnimationType":"STANDARD"}],"modelYOffset":1.0,"gangwayInnerSideResource":"mtr:class350/350_connector_side.png","gangwayInnerTopResource":"mtr:class350/350_connector_roof.png","gangwayInnerBottomResource":"mtr:class350/350_connector_floor.png","gangwayOuterSideResource":"mtr:class350/350_connector_exterior.png","gangwayOuterTopResource":"mtr:class350/350_connector_exterior.png","gangwayOuterBottomResource":"mtr:class350/350_connector_exterior.png","gangwayWidth":0.8,"gangwayHeight":1.9,"gangwayYOffset":1.19,"gangwayZOffset":0.5,"barrierInnerSideResource":"","barrierInnerTopResource":"","barrierInnerBottomResource":"","barrierOuterSideResource":"","barrierOuterTopResource":"","barrierOuterBottomResource":"","barrierWidth":2.25,"barrierHeight":1.0,"barrierYOffset":1.25,"barrierZOffset":0.25}