{"parts":[{"names":["exterior_door"],"positionDefinitions":["dfebd67d"],"condition":"NORMAL","renderStage":"EXTERIOR","type":"NORMAL","displayXPadding":0.0,"displayYPadding":0.0,"displayColorCjk":"","displayColor":"","displayMaxLineHeight":0.0,"displayCjkSizeRatio":0.0,"displayOptions":[],"displayPadZeros":0.0,"displayType":"DESTINATION","displayDefaultText":"","doorXMultiplier":0.0,"doorZMultiplier":0.0,"doorAnimationType":"PLUG_FAST"},{"names":["exterior_window"],"positionDefinitions":["8bf577e4"],"condition":"NORMAL","renderStage":"EXTERIOR","type":"NORMAL","displayXPadding":0.0,"displayYPadding":0.0,"displayColorCjk":"","displayColor":"","displayMaxLineHeight":0.0,"displayCjkSizeRatio":0.0,"displayOptions":[],"displayPadZeros":0.0,"displayType":"DESTINATION","displayDefaultText":"","doorXMultiplier":0.0,"doorZMultiplier":0.0,"doorAnimationType":"PLUG_FAST"},{"names":["exterior_door"],"positionDefinitions":["22c4224d"],"condition":"NORMAL","renderStage":"EXTERIOR","type":"NORMAL","displayXPadding":0.0,"displayYPadding":0.0,"displayColorCjk":"","displayColor":"","displayMaxLineHeight":0.0,"displayCjkSizeRatio":0.0,"displayOptions":[],"displayPadZeros":0.0,"displayType":"DESTINATION","displayDefaultText":"","doorXMultiplier":0.0,"doorZMultiplier":0.0,"doorAnimationType":"PLUG_FAST"},{"names":["roof_vent"],"positionDefinitions":["a2b49aaf"],"condition":"NORMAL","renderStage":"EXTERIOR","type":"NORMAL","displayXPadding":0.0,"displayYPadding":0.0,"displayColorCjk":"","displayColor":"","displayMaxLineHeight":0.0,"displayCjkSizeRatio":0.0,"displayOptions":[],"displayPadZeros":0.0,"displayType":"DESTINATION","displayDefaultText":"","doorXMultiplier":0.0,"doorZMultiplier":0.0,"doorAnimationType":"PLUG_FAST"},{"names":["door_left"],"positionDefinitions":["b0a27990"],"condition":"NORMAL","renderStage":"INTERIOR","type":"NORMAL","displayXPadding":0.0,"displayYPadding":0.0,"displayColorCjk":"","displayColor":"","displayMaxLineHeight":0.0,"displayCjkSizeRatio":0.0,"displayOptions":[],"displayPadZeros":0.0,"displayType":"DESTINATION","displayDefaultText":"","doorXMultiplier":1.0,"doorZMultiplier":-10.0,"doorAnimationType":"PLUG_FAST"},{"names":["door_right"],"positionDefinitions":["2d6c561"],"condition":"NORMAL","renderStage":"INTERIOR","type":"NORMAL","displayXPadding":0.0,"displayYPadding":0.0,"displayColorCjk":"","displayColor":"","displayMaxLineHeight":0.0,"displayCjkSizeRatio":0.0,"displayOptions":[],"displayPadZeros":0.0,"displayType":"DESTINATION","displayDefaultText":"","doorXMultiplier":1.0,"doorZMultiplier":10.0,"doorAnimationType":"PLUG_FAST"},{"names":["door_left"],"positionDefinitions":["71b66de9"],"condition":"NORMAL","renderStage":"INTERIOR","type":"NORMAL","displayXPadding":0.0,"displayYPadding":0.0,"displayColorCjk":"","displayColor":"","displayMaxLineHeight":0.0,"displayCjkSizeRatio":0.0,"displayOptions":[],"displayPadZeros":0.0,"displayType":"DESTINATION","displayDefaultText":"","doorXMultiplier":1.0,"doorZMultiplier":-10.0,"doorAnimationType":"PLUG_FAST"},{"names":["door_right"],"positionDefinitions":["d9856f6d"],"condition":"NORMAL","renderStage":"INTERIOR","type":"NORMAL","displayXPadding":0.0,"displayYPadding":0.0,"displayColorCjk":"","displayColor":"","displayMaxLineHeight":0.0,"displayCjkSizeRatio":0.0,"displayOptions":[],"displayPadZeros":0.0,"displayType":"DESTINATION","displayDefaultText":"","doorXMultiplier":1.0,"doorZMultiplier":10.0,"doorAnimationType":"PLUG_FAST"},{"names":["interior_door"],"positionDefinitions":["22f988a"],"condition":"NORMAL","renderStage":"INTERIOR","type":"NORMAL","displayXPadding":0.0,"displayYPadding":0.0,"displayColorCjk":"","displayColor":"","displayMaxLineHeight":0.0,"displayCjkSizeRatio":0.0,"displayOptions":[],"displayPadZeros":0.0,"displayType":"DESTINATION","displayDefaultText":"","doorXMultiplier":0.0,"doorZMultiplier":0.0,"doorAnimationType":"PLUG_FAST"},{"names":["exterior_window_toilet"],"positionDefinitions":["fbd5a904"],"condition":"NORMAL","renderStage":"EXTERIOR","type":"NORMAL","displayXPadding":0.0,"displayYPadding":0.0,"displayColorCjk":"","displayColor":"","displayMaxLineHeight":0.0,"displayCjkSizeRatio":0.0,"displayOptions":[],"displayPadZeros":0.0,"displayType":"DESTINATION","displayDefaultText":"","doorXMultiplier":0.0,"doorZMultiplier":0.0,"doorAnimationType":"PLUG_FAST"},{"names":["exterior_end"],"positionDefinitions":["45a281ca"],"condition":"NORMAL","renderStage":"EXTERIOR","type":"NORMAL","displayXPadding":0.0,"displayYPadding":0.0,"displayColorCjk":"","displayColor":"","displayMaxLineHeight":0.0,"displayCjkSizeRatio":0.0,"displayOptions":[],"displayPadZeros":0.0,"displayType":"DESTINATION","displayDefaultText":"","doorXMultiplier":0.0,"doorZMultiplier":0.0,"doorAnimationType":"PLUG_FAST"},{"names":["undercarraige_car2"],"positionDefinitions":["7b887e18"],"condition":"NORMAL","renderStage":"EXTERIOR","type":"NORMAL","displayXPadding":0.0,"displayYPadding":0.0,"displayColorCjk":"","displayColor":"","displayMaxLineHeight":0.0,"displayCjkSizeRatio":0.0,"displayOptions":[],"displayPadZeros":0.0,"displayType":"DESTINATION","displayDefaultText":"","doorXMultiplier":0.0,"doorZMultiplier":0.0,"doorAnimationType":"PLUG_FAST"},{"names":["car_2_bogie"],"positionDefinitions":["948e0546"],"condition":"NORMAL","renderStage":"EXTERIOR","type":"NORMAL","displayXPadding":0.0,"displayYPadding":0.0,"displayColorCjk":"","displayColor":"","displayMaxLineHeight":0.0,"displayCjkSizeRatio":0.0,"displayOptions":[],"displayPadZeros":0.0,"displayType":"DESTINATION","displayDefaultText":"","doorXMultiplier":0.0,"doorZMultiplier":0.0,"doorAnimationType":"PLUG_FAST"},{"names":["car_2_bogie"],"positionDefinitions":["8b64085b"],"condition":"NORMAL","renderStage":"EXTERIOR","type":"NORMAL","displayXPadding":0.0,"displayYPadding":0.0,"displayColorCjk":"","displayColor":"","displayMaxLineHeight":0.0,"displayCjkSizeRatio":0.0,"displayOptions":[],"displayPadZeros":0.0,"displayType":"DESTINATION","displayDefaultText":"","doorXMultiplier":0.0,"doorZMultiplier":0.0,"doorAnimationType":"PLUG_FAST"},{"names":["interior_middle"],"positionDefinitions":["c3c67681"],"condition":"NORMAL","renderStage":"INTERIOR","type":"NORMAL","displayXPadding":0.0,"displayYPadding":0.0,"displayColorCjk":"","displayColor":"","displayMaxLineHeight":0.0,"displayCjkSizeRatio":0.0,"displayOptions":[],"displayPadZeros":0.0,"displayType":"DESTINATION","displayDefaultText":"","doorXMultiplier":0.0,"doorZMultiplier":0.0,"doorAnimationType":"PLUG_FAST"},{"names":["interior_end"],"positionDefinitions":["73bf6b84"],"condition":"NORMAL","renderStage":"INTERIOR","type":"NORMAL","displayXPadding":0.0,"displayYPadding":0.0,"displayColorCjk":"","displayColor":"","displayMaxLineHeight":0.0,"displayCjkSizeRatio":0.0,"displayOptions":[],"displayPadZeros":0.0,"displayType":"DESTINATION","displayDefaultText":"","doorXMultiplier":0.0,"doorZMultiplier":0.0,"doorAnimationType":"PLUG_FAST"},{"names":["interior_end_toilet"],"positionDefinitions":["ac184a66"],"condition":"NORMAL","renderStage":"INTERIOR","type":"NORMAL","displayXPadding":0.0,"displayYPadding":0.0,"displayColorCjk":"","displayColor":"","displayMaxLineHeight":0.0,"displayCjkSizeRatio":0.0,"displayOptions":[],"displayPadZeros":0.0,"displayType":"DESTINATION","displayDefaultText":"","doorXMultiplier":0.0,"doorZMultiplier":0.0,"doorAnimationType":"PLUG_FAST"},{"names":["door_lights_off"],"positionDefinitions":["c679c606"],"condition":"DOORS_CLOSED","renderStage":"EXTERIOR","type":"NORMAL","displayXPadding":0.0,"displayYPadding":0.0,"displayColorCjk":"","displayColor":"","displayMaxLineHeight":0.0,"displayCjkSizeRatio":0.0,"displayOptions":[],"displayPadZeros":0.0,"displayType":"DESTINATION","displayDefaultText":"","doorXMultiplier":0.0,"doorZMultiplier":0.0,"doorAnimationType":"PLUG_FAST"},{"names":["door_lights_on"],"positionDefinitions":["eb5051fd"],"condition":"DOORS_OPENED","renderStage":"LIGHT","type":"NORMAL","displayXPadding":0.0,"displayYPadding":0.0,"displayColorCjk":"","displayColor":"","displayMaxLineHeight":0.0,"displayCjkSizeRatio":0.0,"displayOptions":[],"displayPadZeros":0.0,"displayType":"DESTINATION","displayDefaultText":"","doorXMultiplier":0.0,"doorZMultiplier":0.0,"doorAnimationType":"PLUG_FAST"},{"names":["tail_lights"],"positionDefinitions":["5e2f22e0"],"condition":"ON_ROUTE_FORWARDS","renderStage":"LIGHT","type":"NORMAL","displayXPadding":0.0,"displayYPadding":0.0,"displayColorCjk":"","displayColor":"","displayMaxLineHeight":0.0,"displayCjkSizeRatio":0.0,"displayOptions":[],"displayPadZeros":0.0,"displayType":"DESTINATION","displayDefaultText":"","doorXMultiplier":0.0,"doorZMultiplier":0.0,"doorAnimationType":"PLUG_FAST"},{"names":["headlights"],"positionDefinitions":["4982370f"],"condition":"ON_ROUTE_BACKWARDS","renderStage":"LIGHT","type":"NORMAL","displayXPadding":0.0,"displayYPadding":0.0,"displayColorCjk":"","displayColor":"","displayMaxLineHeight":0.0,"displayCjkSizeRatio":0.0,"displayOptions":[],"displayPadZeros":0.0,"displayType":"DESTINATION","displayDefaultText":"","doorXMultiplier":0.0,"doorZMultiplier":0.0,"doorAnimationType":"PLUG_FAST"},{"names":["interior_window_lights"],"positionDefinitions":["166a3cbb"],"condition":"NORMAL","renderStage":"LIGHT","type":"NORMAL","displayXPadding":0.0,"displayYPadding":0.0,"displayColorCjk":"","displayColor":"","displayMaxLineHeight":0.0,"displayCjkSizeRatio":0.0,"displayOptions":[],"displayPadZeros":0.0,"displayType":"DESTINATION","displayDefaultText":"","doorXMultiplier":0.0,"doorZMultiplier":0.0,"doorAnimationType":"PLUG_FAST"},{"names":["interior_door_lights"],"positionDefinitions":["a539b53f"],"condition":"NORMAL","renderStage":"LIGHT","type":"NORMAL","displayXPadding":0.0,"displayYPadding":0.0,"displayColorCjk":"","displayColor":"","displayMaxLineHeight":0.0,"displayCjkSizeRatio":0.0,"displayOptions":[],"displayPadZeros":0.0,"displayType":"DESTINATION","displayDefaultText":"","doorXMultiplier":0.0,"doorZMultiplier":0.0,"doorAnimationType":"PLUG_FAST"},{"names":["interior_door_translucent"],"positionDefinitions":["db18d2ac"],"condition":"NORMAL","renderStage":"INTERIOR_TRANSLUCENT","type":"NORMAL","displayXPadding":0.0,"displayYPadding":0.0,"displayColorCjk":"","displayColor":"","displayMaxLineHeight":0.0,"displayCjkSizeRatio":0.0,"displayOptions":[],"displayPadZeros":0.0,"displayType":"DESTINATION","displayDefaultText":"","doorXMultiplier":0.0,"doorZMultiplier":0.0,"doorAnimationType":"PLUG_FAST"},{"names":["interior_end_lights"],"positionDefinitions":["88f71000"],"condition":"NORMAL","renderStage":"LIGHT","type":"NORMAL","displayXPadding":0.0,"displayYPadding":0.0,"displayColorCjk":"","displayColor":"","displayMaxLineHeight":0.0,"displayCjkSizeRatio":0.0,"displayOptions":[],"displayPadZeros":0.0,"displayType":"DESTINATION","displayDefaultText":"","doorXMultiplier":0.0,"doorZMultiplier":0.0,"doorAnimationType":"PLUG_FAST"},{"names":["interior_window_lights"],"positionDefinitions":["1cee1da5"],"condition":"NORMAL","renderStage":"LIGHT","type":"NORMAL","displayXPadding":0.0,"displayYPadding":0.0,"displayColorCjk":"","displayColor":"","displayMaxLineHeight":0.0,"displayCjkSizeRatio":0.0,"displayOptions":[],"displayPadZeros":0.0,"displayType":"DESTINATION","displayDefaultText":"","doorXMultiplier":0.0,"doorZMultiplier":0.0,"doorAnimationType":"PLUG_FAST"},{"names":["interior_end_lights"],"positionDefinitions":["d1a2ae24"],"condition":"NORMAL","renderStage":"LIGHT","type":"NORMAL","displayXPadding":0.0,"displayYPadding":0.0,"displayColorCjk":"","displayColor":"","displayMaxLineHeight":0.0,"displayCjkSizeRatio":0.0,"displayOptions":[],"displayPadZeros":0.0,"displayType":"DESTINATION","displayDefaultText":"","doorXMultiplier":0.0,"doorZMultiplier":0.0,"doorAnimationType":"PLUG_FAST"},{"names":["interior_window_lights"],"positionDefinitions":["ba7d51f2"],"condition":"NORMAL","renderStage":"LIGHT","type":"NORMAL","displayXPadding":0.0,"displayYPadding":0.0,"displayColorCjk":"","displayColor":"","displayMaxLineHeight":0.0,"displayCjkSizeRatio":0.0,"displayOptions":[],"displayPadZeros":0.0,"displayType":"DESTINATION","displayDefaultText":"","doorXMultiplier":0.0,"doorZMultiplier":0.0,"doorAnimationType":"PLUG_FAST"},{"names":["seat_right"],"positionDefinitions":["4f257492"],"condition":"NORMAL","renderStage":"INTERIOR","type":"NORMAL","displayXPadding":0.0,"displayYPadding":0.0,"displayColorCjk":"","displayColor":"","displayMaxLineHeight":0.0,"displayCjkSizeRatio":0.0,"displayOptions":[],"displayPadZeros":0.0,"displayType":"DESTINATION","displayDefaultText":"","doorXMultiplier":0.0,"doorZMultiplier":0.0,"doorAnimationType":"PLUG_FAST"},{"names":["seat_left"],"positionDefinitions":["c822cf7d"],"condition":"NORMAL","renderStage":"INTERIOR","type":"NORMAL","displayXPadding":0.0,"displayYPadding":0.0,"displayColorCjk":"","displayColor":"","displayMaxLineHeight":0.0,"displayCjkSizeRatio":0.0,"displayOptions":[],"displayPadZeros":0.0,"displayType":"DESTINATION","displayDefaultText":"","doorXMultiplier":0.0,"doorZMultiplier":0.0,"doorAnimationType":"PLUG_FAST"},{"names":["seat_right"],"positionDefinitions":["7b816193"],"condition":"NORMAL","renderStage":"INTERIOR","type":"NORMAL","displayXPadding":0.0,"displayYPadding":0.0,"displayColorCjk":"","displayColor":"","displayMaxLineHeight":0.0,"displayCjkSizeRatio":0.0,"displayOptions":[],"displayPadZeros":0.0,"displayType":"DESTINATION","displayDefaultText":"","doorXMultiplier":0.0,"doorZMultiplier":0.0,"doorAnimationType":"PLUG_FAST"},{"names":["seat_left"],"positionDefinitions":["b2c0f2e2"],"condition":"NORMAL","renderStage":"INTERIOR","type":"NORMAL","displayXPadding":0.0,"displayYPadding":0.0,"displayColorCjk":"","displayColor":"","displayMaxLineHeight":0.0,"displayCjkSizeRatio":0.0,"displayOptions":[],"displayPadZeros":0.0,"displayType":"DESTINATION","displayDefaultText":"","doorXMultiplier":0.0,"doorZMultiplier":0.0,"doorAnimationType":"PLUG_FAST"},{"names":["seat_right"],"positionDefinitions":["f729711"],"condition":"NORMAL","renderStage":"INTERIOR","type":"NORMAL","displayXPadding":0.0,"displayYPadding":0.0,"displayColorCjk":"","displayColor":"","displayMaxLineHeight":0.0,"displayCjkSizeRatio":0.0,"displayOptions":[],"displayPadZeros":0.0,"displayType":"DESTINATION","displayDefaultText":"","doorXMultiplier":0.0,"doorZMultiplier":0.0,"doorAnimationType":"PLUG_FAST"},{"names":["seat_right"],"positionDefinitions":["38b65fba"],"condition":"NORMAL","renderStage":"INTERIOR","type":"NORMAL","displayXPadding":0.0,"displayYPadding":0.0,"displayColorCjk":"","displayColor":"","displayMaxLineHeight":0.0,"displayCjkSizeRatio":0.0,"displayOptions":[],"displayPadZeros":0.0,"displayType":"DESTINATION","displayDefaultText":"","doorXMultiplier":0.0,"doorZMultiplier":0.0,"doorAnimationType":"PLUG_FAST"},{"names":["seat_left"],"positionDefinitions":["9b2bfb4a"],"condition":"NORMAL","renderStage":"INTERIOR","type":"NORMAL","displayXPadding":0.0,"displayYPadding":0.0,"displayColorCjk":"","displayColor":"","displayMaxLineHeight":0.0,"displayCjkSizeRatio":0.0,"displayOptions":[],"displayPadZeros":0.0,"displayType":"DESTINATION","displayDefaultText":"","doorXMultiplier":0.0,"doorZMultiplier":0.0,"doorAnimationType":"PLUG_FAST"},{"names":["seat_left"],"positionDefinitions":["e5274d7c"],"condition":"NORMAL","renderStage":"INTERIOR","type":"NORMAL","displayXPadding":0.0,"displayYPadding":0.0,"displayColorCjk":"","displayColor":"","displayMaxLineHeight":0.0,"displayCjkSizeRatio":0.0,"displayOptions":[],"displayPadZeros":0.0,"displayType":"DESTINATION","displayDefaultText":"","doorXMultiplier":0.0,"doorZMultiplier":0.0,"doorAnimationType":"PLUG_FAST"},{"names":["seat_right"],"positionDefinitions":["1a29e4ef"],"condition":"NORMAL","renderStage":"INTERIOR","type":"NORMAL","displayXPadding":0.0,"displayYPadding":0.0,"displayColorCjk":"","displayColor":"","displayMaxLineHeight":0.0,"displayCjkSizeRatio":0.0,"displayOptions":[],"displayPadZeros":0.0,"displayType":"DESTINATION","displayDefaultText":"","doorXMultiplier":0.0,"doorZMultiplier":0.0,"doorAnimationType":"PLUG_FAST"},{"names":["seat_right"],"positionDefinitions":["117cf34c"],"condition":"NORMAL","renderStage":"INTERIOR","type":"NORMAL","displayXPadding":0.0,"displayYPadding":0.0,"displayColorCjk":"","displayColor":"","displayMaxLineHeight":0.0,"displayCjkSizeRatio":0.0,"displayOptions":[],"displayPadZeros":0.0,"displayType":"DESTINATION","displayDefaultText":"","doorXMultiplier":0.0,"doorZMultiplier":0.0,"doorAnimationType":"PLUG_FAST"},{"names":["seat_left"],"positionDefinitions":["ca156216"],"condition":"NORMAL","renderStage":"INTERIOR","type":"NORMAL","displayXPadding":0.0,"displayYPadding":0.0,"displayColorCjk":"","displayColor":"","displayMaxLineHeight":0.0,"displayCjkSizeRatio":0.0,"displayOptions":[],"displayPadZeros":0.0,"displayType":"DESTINATION","displayDefaultText":"","doorXMultiplier":0.0,"doorZMultiplier":0.0,"doorAnimationType":"PLUG_FAST"},{"names":["seat_left"],"positionDefinitions":["8a468e97"],"condition":"NORMAL","renderStage":"INTERIOR","type":"NORMAL","displayXPadding":0.0,"displayYPadding":0.0,"displayColorCjk":"","displayColor":"","displayMaxLineHeight":0.0,"displayCjkSizeRatio":0.0,"displayOptions":[],"displayPadZeros":0.0,"displayType":"DESTINATION","displayDefaultText":"","doorXMultiplier":0.0,"doorZMultiplier":0.0,"doorAnimationType":"PLUG_FAST"},{"names":["exterior_window_1"],"positionDefinitions":["4e269f0b"],"condition":"NORMAL","renderStage":"EXTERIOR","type":"NORMAL","displayXPadding":0.0,"displayYPadding":0.0,"displayColorCjk":"","displayColor":"","displayMaxLineHeight":0.0,"displayCjkSizeRatio":0.0,"displayOptions":[],"displayPadZeros":0.0,"displayType":"DESTINATION","displayDefaultText":"","doorXMultiplier":0.0,"doorZMultiplier":0.0,"doorAnimationType":"PLUG_FAST"},{"names":["exterior_window_2"],"positionDefinitions":["789cfad8"],"condition":"NORMAL","renderStage":"EXTERIOR","type":"NORMAL","displayXPadding":0.0,"displayYPadding":0.0,"displayColorCjk":"","displayColor":"","displayMaxLineHeight":0.0,"displayCjkSizeRatio":0.0,"displayOptions":[],"displayPadZeros":0.0,"displayType":"DESTINATION","displayDefaultText":"","doorXMultiplier":0.0,"doorZMultiplier":0.0,"doorAnimationType":"PLUG_FAST"},{"names":["exterior_window_3"],"positionDefinitions":["158a0f2a"],"condition":"NORMAL","renderStage":"EXTERIOR","type":"NORMAL","displayXPadding":0.0,"displayYPadding":0.0,"displayColorCjk":"","displayColor":"","displayMaxLineHeight":0.0,"displayCjkSizeRatio":0.0,"displayOptions":[],"displayPadZeros":0.0,"displayType":"DESTINATION","displayDefaultText":"","doorXMultiplier":0.0,"doorZMultiplier":0.0,"doorAnimationType":"PLUG_FAST"},{"names":["exterior_window_4"],"positionDefinitions":["677695d4"],"condition":"NORMAL","renderStage":"EXTERIOR","type":"NORMAL","displayXPadding":0.0,"displayYPadding":0.0,"displayColorCjk":"","displayColor":"","displayMaxLineHeight":0.0,"displayCjkSizeRatio":0.0,"displayOptions":[],"displayPadZeros":0.0,"displayType":"DESTINATION","displayDefaultText":"","doorXMultiplier":0.0,"doorZMultiplier":0.0,"doorAnimationType":"PLUG_FAST"},{"names":["exterior_window_end"],"positionDefinitions":["6f10fe99"],"condition":"NORMAL","renderStage":"EXTERIOR","type":"NORMAL","displayXPadding":0.0,"displayYPadding":0.0,"displayColorCjk":"","displayColor":"","displayMaxLineHeight":0.0,"displayCjkSizeRatio":0.0,"displayOptions":[],"displayPadZeros":0.0,"displayType":"DESTINATION","displayDefaultText":"","doorXMultiplier":0.0,"doorZMultiplier":0.0,"doorAnimationType":"PLUG_FAST"},{"names":["exterior_window_end"],"positionDefinitions":["24aca855"],"condition":"NORMAL","renderStage":"EXTERIOR","type":"NORMAL","displayXPadding":0.0,"displayYPadding":0.0,"displayColorCjk":"","displayColor":"","displayMaxLineHeight":0.0,"displayCjkSizeRatio":0.0,"displayOptions":[],"displayPadZeros":0.0,"displayType":"DESTINATION","displayDefaultText":"","doorXMultiplier":0.0,"doorZMultiplier":0.0,"doorAnimationType":"PLUG_FAST"},{"names":["exterior_window_end2"],"positionDefinitions":["73428d6d"],"condition":"NORMAL","renderStage":"EXTERIOR","type":"NORMAL","displayXPadding":0.0,"displayYPadding":0.0,"displayColorCjk":"","displayColor":"","displayMaxLineHeight":0.0,"displayCjkSizeRatio":0.0,"displayOptions":[],"displayPadZeros":0.0,"displayType":"DESTINATION","displayDefaultText":"","doorXMultiplier":0.0,"doorZMultiplier":0.0,"doorAnimationType":"PLUG_FAST"},{"names":["exterior_end_toilet"],"positionDefinitions":["b4194709"],"condition":"NORMAL","renderStage":"EXTERIOR","type":"NORMAL","displayXPadding":0.0,"displayYPadding":0.0,"displayColorCjk":"","displayColor":"","displayMaxLineHeight":0.0,"displayCjkSizeRatio":0.0,"displayOptions":[],"displayPadZeros":0.0,"displayType":"DESTINATION","displayDefaultText":"","doorXMultiplier":0.0,"doorZMultiplier":0.0,"doorAnimationType":"PLUG_FAST"},{"names":["door_left_exterior"],"positionDefinitions":["4c81e443"],"condition":"NORMAL","renderStage":"EXTERIOR","type":"NORMAL","displayXPadding":0.0,"displayYPadding":0.0,"displayColorCjk":"","displayColor":"","displayMaxLineHeight":0.0,"displayCjkSizeRatio":0.0,"displayOptions":[],"displayPadZeros":0.0,"displayType":"DESTINATION","displayDefaultText":"","doorXMultiplier":1.0,"doorZMultiplier":-10.0,"doorAnimationType":"PLUG_FAST"},{"names":["door_left_exterior"],"positionDefinitions":["73a21295"],"condition":"NORMAL","renderStage":"EXTERIOR","type":"NORMAL","displayXPadding":0.0,"displayYPadding":0.0,"displayColorCjk":"","displayColor":"","displayMaxLineHeight":0.0,"displayCjkSizeRatio":0.0,"displayOptions":[],"displayPadZeros":0.0,"displayType":"DESTINATION","displayDefaultText":"","doorXMultiplier":1.0,"doorZMultiplier":-10.0,"doorAnimationType":"PLUG_FAST"},{"names":["door_right_exterior"],"positionDefinitions":["1994c671"],"condition":"NORMAL","renderStage":"EXTERIOR","type":"NORMAL","displayXPadding":0.0,"displayYPadding":0.0,"displayColorCjk":"","displayColor":"","displayMaxLineHeight":0.0,"displayCjkSizeRatio":0.0,"displayOptions":[],"displayPadZeros":0.0,"displayType":"DESTINATION","displayDefaultText":"","doorXMultiplier":1.0,"doorZMultiplier":10.0,"doorAnimationType":"PLUG_FAST"},{"names":["door_right_exterior"],"positionDefinitions":["732b897b"],"condition":"NORMAL","renderStage":"EXTERIOR","type":"NORMAL","displayXPadding":0.0,"displayYPadding":0.0,"displayColorCjk":"","displayColor":"","displayMaxLineHeight":0.0,"displayCjkSizeRatio":0.0,"displayOptions":[],"displayPadZeros":0.0,"displayType":"DESTINATION","displayDefaultText":"","doorXMultiplier":1.0,"doorZMultiplier":10.0,"doorAnimationType":"PLUG_FAST"},{"names":["pid_midcar1"],"positionDefinitions":["2ecf7d86"],"condition":"NORMAL","renderStage":"EXTERIOR","type":"DISPLAY","displayXPadding":0.0,"displayYPadding":0.0,"displayColorCjk":"FF9900","displayColor":"FF00","displayMaxLineHeight":0.0,"displayCjkSizeRatio":0.0,"displayOptions":["SCROLL_NORMAL","SINGLE_LINE"],"displayPadZeros":0.0,"displayType":"NEXT_STATION_UK","displayDefaultText":"","doorXMultiplier":0.0,"doorZMultiplier":0.0,"doorAnimationType":"PLUG_FAST"},{"names":["pid_midcar1"],"positionDefinitions":["d89c19db"],"condition":"NORMAL","renderStage":"EXTERIOR","type":"DISPLAY","displayXPadding":0.0,"displayYPadding":0.0,"displayColorCjk":"FF9900","displayColor":"FF00","displayMaxLineHeight":0.0,"displayCjkSizeRatio":0.0,"displayOptions":["SCROLL_NORMAL","SINGLE_LINE"],"displayPadZeros":0.0,"displayType":"NEXT_STATION_UK","displayDefaultText":"","doorXMultiplier":0.0,"doorZMultiplier":0.0,"doorAnimationType":"PLUG_FAST"},{"names":["pid_end"],"positionDefinitions":["e0bc77d5"],"condition":"NORMAL","renderStage":"EXTERIOR","type":"DISPLAY","displayXPadding":0.0,"displayYPadding":0.0,"displayColorCjk":"FF00","displayColor":"FF00","displayMaxLineHeight":0.0,"displayCjkSizeRatio":0.0,"displayOptions":["SCROLL_NORMAL","SINGLE_LINE"],"displayPadZeros":0.0,"displayType":"NEXT_STATION_UK","displayDefaultText":"","doorXMultiplier":0.0,"doorZMultiplier":0.0,"doorAnimationType":"PLUG_FAST"},{"names":["pid_end"],"positionDefinitions":["8a4ddd90"],"condition":"NORMAL","renderStage":"EXTERIOR","type":"DISPLAY","displayXPadding":0.0,"displayYPadding":0.0,"displayColorCjk":"FF00","displayColor":"FF00","displayMaxLineHeight":0.0,"displayCjkSizeRatio":0.0,"displayOptions":["SCROLL_NORMAL","SINGLE_LINE"],"displayPadZeros":0.0,"displayType":"NEXT_STATION_UK","displayDefaultText":"","doorXMultiplier":0.0,"doorZMultiplier":0.0,"doorAnimationType":"PLUG_FAST"},{"names":["seat_left"],"positionDefinitions":["c25746a7"],"condition":"NORMAL","renderStage":"INTERIOR","type":"NORMAL","displayXPadding":0.0,"displayYPadding":0.0,"displayColorCjk":"","displayColor":"","displayMaxLineHeight":0.0,"displayCjkSizeRatio":0.0,"displayOptions":[],"displayPadZeros":0.0,"displayType":"DESTINATION","displayDefaultText":"","doorXMultiplier":0.0,"doorZMultiplier":0.0,"doorAnimationType":"PLUG_FAST"},{"names":["interior_window_lights"],"positionDefinitions":["d3d6d082"],"condition":"NORMAL","renderStage":"LIGHT","type":"NORMAL","displayXPadding":0.0,"displayYPadding":0.0,"displayColorCjk":"","displayColor":"","displayMaxLineHeight":0.0,"displayCjkSizeRatio":0.0,"displayOptions":[],"displayPadZeros":0.0,"displayType":"DESTINATION","displayDefaultText":"","doorXMultiplier":0.0,"doorZMultiplier":0.0,"doorAnimationType":"PLUG_FAST"},{"names":["door_floor"],"positionDefinitions":["bd196edf"],"condition":"NORMAL","renderStage":"EXTERIOR","type":"FLOOR","displayXPadding":0.0,"displayYPadding":0.0,"displayColorCjk":"FF9900","displayColor":"FF9900","displayMaxLineHeight":1.5,"displayCjkSizeRatio":2.0,"displayOptions":[],"displayPadZeros":0.0,"displayType":"DESTINATION","displayDefaultText":"Not In Service","doorXMultiplier":0.0,"doorZMultiplier":0.0,"doorAnimationType":"STANDARD"},{"names":["doorway"],"positionDefinitions":["ad98ce24"],"condition":"NORMAL","renderStage":"EXTERIOR","type":"DOORWAY","displayXPadding":0.0,"displayYPadding":0.0,"displayColorCjk":"FF9900","displayColor":"FF9900","displayMaxLineHeight":1.5,"displayCjkSizeRatio":2.0,"displayOptions":[],"displayPadZeros":0.0,"displayType":"DESTINATION","displayDefaultText":"Not In Service","doorXMultiplier":0.0,"doorZMultiplier":0.0,"doorAnimationType":"STANDARD"},{"names":["window_floor"],"positionDefinitions":["df8d81b1"],"condition":"NORMAL","renderStage":"EXTERIOR","type":"FLOOR","displayXPadding":0.0,"displayYPadding":0.0,"displayColorCjk":"FF9900","displayColor":"FF9900","displayMaxLineHeight":1.5,"displayCjkSizeRatio":2.0,"displayOptions":[],"displayPadZeros":0.0,"displayType":"DESTINATION","displayDefaultText":"Not In Service","doorXMultiplier":0.0,"doorZMultiplier":0.0,"doorAnimationType":"STANDARD"},{"names":["window_seat"],"positionDefinitions":["3a13ffbe"],"condition":"NORMAL","renderStage":"EXTERIOR","type":"SEAT","displayXPadding":0.0,"displayYPadding":0.0,"displayColorCjk":"FF9900","displayColor":"FF9900","displayMaxLineHeight":1.5,"displayCjkSizeRatio":2.0,"displayOptions":[],"displayPadZeros":0.0,"displayType":"DESTINATION","displayDefaultText":"Not In Service","doorXMultiplier":0.0,"doorZMultiplier":0.0,"doorAnimationType":"STANDARD"},{"names":["end_floor"],"positionDefinitions":["9c53af22"],"condition":"NORMAL","renderStage":"EXTERIOR","type":"FLOOR","displayXPadding":0.0,"displayYPadding":0.0,"displayColorCjk":"FF9900","displayColor":"FF9900","displayMaxLineHeight":1.5,"displayCjkSizeRatio":2.0,"displayOptions":[],"displayPadZeros":0.0,"displayType":"DESTINATION","displayDefaultText":"Not In Service","doorXMultiplier":0.0,"doorZMultiplier":0.0,"doorAnimationType":"STANDARD"},{"names":["end_seat_toilet"],"positionDefinitions":["bbaad0ef"],"condition":"NORMAL","renderStage":"EXTERIOR","type":"SEAT","displayXPadding":0.0,"displayYPadding":0.0,"displayColorCjk":"FF9900","displayColor":"FF9900","displayMaxLineHeight":1.5,"displayCjkSizeRatio":2.0,"displayOptions":[],"displayPadZeros":0.0,"displayType":"DESTINATION","displayDefaultText":"Not In Service","doorXMultiplier":0.0,"doorZMultiplier":0.0,"doorAnimationType":"STANDARD"},{"names":["end_seat_notoilet"],"positionDefinitions":["24e9725c"],"condition":"NORMAL","renderStage":"EXTERIOR","type":"SEAT","displayXPadding":0.0,"displayYPadding":0.0,"displayColorCjk":"FF9900","displayColor":"FF9900","displayMaxLineHeight":1.5,"displayCjkSizeRatio":2.0,"displayOptions":[],"displayPadZeros":0.0,"displayType":"DESTINATION","displayDefaultText":"Not In Service","doorXMultiplier":0.0,"doorZMultiplier":0.0,"doorAnimationType":"STANDARD"}],"modelYOffset":1.0,"gangwayInnerSideResource":"mtr:class350/350_connector_side.png","gangwayInnerTopResource":"mtr:class350/350_connector_roof.png","gangwayInnerBottomResource":"mtr:class350/350_connector_floor.png","gangwayOuterSideResource":"mtr:class350/350_connector_exterior.png","gangwayOuterTopResource":"mtr:class350/350_connector_exterior.png","gangwayOuterBottomResource":"mtr:class350/350_connector_exterior.png","gangwayWidth":0.8,"gangwayHeight":1.9,"gangwayYOffset":1.19,"gangwayZOffset":0.5,"barrierInnerSideResource":"","barrierInnerTopResource":"","barrierInnerBottomResource":"","barrierOuterSideResource":"","barrierOuterTopResource":"","barrierOuterBottomResource":"","barrierWidth":2.25,"barrierHeight":1.0,"barrierYOffset":1.25,"barrierZOffset":0.25}