{"parts":[{"names":["exterior_head_1"],"positionDefinitions":["39f6d1be"],"condition":"NORMAL","renderStage":"EXTERIOR","type":"NORMAL","displayXPadding":0.0,"displayYPadding":0.0,"displayColorCjk":"","displayColor":"","displayMaxLineHeight":0.0,"displayCjkSizeRatio":0.0,"displayOptions":[],"displayPadZeros":0.0,"displayType":"DESTINATION","displayDefaultText":"","doorXMultiplier":0.0,"doorZMultiplier":0.0,"doorAnimationType":"PLUG_FAST"},{"names":["exterior_window_head_1"],"positionDefinitions":["e38f8168"],"condition":"NORMAL","renderStage":"EXTERIOR","type":"NORMAL","displayXPadding":0.0,"displayYPadding":0.0,"displayColorCjk":"","displayColor":"","displayMaxLineHeight":0.0,"displayCjkSizeRatio":0.0,"displayOptions":[],"displayPadZeros":0.0,"displayType":"DESTINATION","displayDefaultText":"","doorXMultiplier":0.0,"doorZMultiplier":0.0,"doorAnimationType":"PLUG_FAST"},{"names":["exterior_door"],"positionDefinitions":["42800d41"],"condition":"NORMAL","renderStage":"EXTERIOR","type":"NORMAL","displayXPadding":0.0,"displayYPadding":0.0,"displayColorCjk":"","displayColor":"","displayMaxLineHeight":0.0,"displayCjkSizeRatio":0.0,"displayOptions":[],"displayPadZeros":0.0,"displayType":"DESTINATION","displayDefaultText":"","doorXMultiplier":0.0,"doorZMultiplier":0.0,"doorAnimationType":"PLUG_FAST"},{"names":["exterior_window"],"positionDefinitions":["f0529059"],"condition":"NORMAL","renderStage":"EXTERIOR","type":"NORMAL","displayXPadding":0.0,"displayYPadding":0.0,"displayColorCjk":"","displayColor":"","displayMaxLineHeight":0.0,"displayCjkSizeRatio":0.0,"displayOptions":[],"displayPadZeros":0.0,"displayType":"DESTINATION","displayDefaultText":"","doorXMultiplier":0.0,"doorZMultiplier":0.0,"doorAnimationType":"PLUG_FAST"},{"names":["exterior_door"],"positionDefinitions":["ea13deb6"],"condition":"NORMAL","renderStage":"EXTERIOR","type":"NORMAL","displayXPadding":0.0,"displayYPadding":0.0,"displayColorCjk":"","displayColor":"","displayMaxLineHeight":0.0,"displayCjkSizeRatio":0.0,"displayOptions":[],"displayPadZeros":0.0,"displayType":"DESTINATION","displayDefaultText":"","doorXMultiplier":0.0,"doorZMultiplier":0.0,"doorAnimationType":"PLUG_FAST"},{"names":["roof_vent"],"positionDefinitions":["d7a1ece"],"condition":"NORMAL","renderStage":"EXTERIOR","type":"NORMAL","displayXPadding":0.0,"displayYPadding":0.0,"displayColorCjk":"","displayColor":"","displayMaxLineHeight":0.0,"displayCjkSizeRatio":0.0,"displayOptions":[],"displayPadZeros":0.0,"displayType":"DESTINATION","displayDefaultText":"","doorXMultiplier":0.0,"doorZMultiplier":0.0,"doorAnimationType":"PLUG_FAST"},{"names":["exterior_end"],"positionDefinitions":["dbe2ecd2"],"condition":"NORMAL","renderStage":"EXTERIOR","type":"NORMAL","displayXPadding":0.0,"displayYPadding":0.0,"displayColorCjk":"","displayColor":"","displayMaxLineHeight":0.0,"displayCjkSizeRatio":0.0,"displayOptions":[],"displayPadZeros":0.0,"displayType":"DESTINATION","displayDefaultText":"","doorXMultiplier":0.0,"doorZMultiplier":0.0,"doorAnimationType":"PLUG_FAST"},{"names":["door_left"],"positionDefinitions":["1a2ffdfb"],"condition":"NORMAL","renderStage":"INTERIOR","type":"NORMAL","displayXPadding":0.0,"displayYPadding":0.0,"displayColorCjk":"","displayColor":"","displayMaxLineHeight":0.0,"displayCjkSizeRatio":0.0,"displayOptions":[],"displayPadZeros":0.0,"displayType":"DESTINATION","displayDefaultText":"","doorXMultiplier":1.0,"doorZMultiplier":-10.0,"doorAnimationType":"PLUG_FAST"},{"names":["door_right"],"positionDefinitions":["21f74db5"],"condition":"NORMAL","renderStage":"INTERIOR","type":"NORMAL","displayXPadding":0.0,"displayYPadding":0.0,"displayColorCjk":"","displayColor":"","displayMaxLineHeight":0.0,"displayCjkSizeRatio":0.0,"displayOptions":[],"displayPadZeros":0.0,"displayType":"DESTINATION","displayDefaultText":"","doorXMultiplier":1.0,"doorZMultiplier":10.0,"doorAnimationType":"PLUG_FAST"},{"names":["door_left"],"positionDefinitions":["45f9d145"],"condition":"NORMAL","renderStage":"INTERIOR","type":"NORMAL","displayXPadding":0.0,"displayYPadding":0.0,"displayColorCjk":"","displayColor":"","displayMaxLineHeight":0.0,"displayCjkSizeRatio":0.0,"displayOptions":[],"displayPadZeros":0.0,"displayType":"DESTINATION","displayDefaultText":"","doorXMultiplier":1.0,"doorZMultiplier":-10.0,"doorAnimationType":"PLUG_FAST"},{"names":["door_right"],"positionDefinitions":["d0bcfd8e"],"condition":"NORMAL","renderStage":"INTERIOR","type":"NORMAL","displayXPadding":0.0,"displayYPadding":0.0,"displayColorCjk":"","displayColor":"","displayMaxLineHeight":0.0,"displayCjkSizeRatio":0.0,"displayOptions":[],"displayPadZeros":0.0,"displayType":"DESTINATION","displayDefaultText":"","doorXMultiplier":1.0,"doorZMultiplier":10.0,"doorAnimationType":"PLUG_FAST"},{"names":["interior_door"],"positionDefinitions":["8b4f4e00"],"condition":"NORMAL","renderStage":"INTERIOR","type":"NORMAL","displayXPadding":0.0,"displayYPadding":0.0,"displayColorCjk":"","displayColor":"","displayMaxLineHeight":0.0,"displayCjkSizeRatio":0.0,"displayOptions":[],"displayPadZeros":0.0,"displayType":"DESTINATION","displayDefaultText":"","doorXMultiplier":0.0,"doorZMultiplier":0.0,"doorAnimationType":"PLUG_FAST"},{"names":["undercarraige_car1"],"positionDefinitions":["18284c41"],"condition":"NORMAL","renderStage":"EXTERIOR","type":"NORMAL","displayXPadding":0.0,"displayYPadding":0.0,"displayColorCjk":"","displayColor":"","displayMaxLineHeight":0.0,"displayCjkSizeRatio":0.0,"displayOptions":[],"displayPadZeros":0.0,"displayType":"DESTINATION","displayDefaultText":"","doorXMultiplier":0.0,"doorZMultiplier":0.0,"doorAnimationType":"PLUG_FAST"},{"names":["interior_middle"],"positionDefinitions":["95151e3c"],"condition":"NORMAL","renderStage":"INTERIOR","type":"NORMAL","displayXPadding":0.0,"displayYPadding":0.0,"displayColorCjk":"","displayColor":"","displayMaxLineHeight":0.0,"displayCjkSizeRatio":0.0,"displayOptions":[],"displayPadZeros":0.0,"displayType":"DESTINATION","displayDefaultText":"","doorXMultiplier":0.0,"doorZMultiplier":0.0,"doorAnimationType":"PLUG_FAST"},{"names":["interior_head"],"positionDefinitions":["61e8e34e"],"condition":"NORMAL","renderStage":"INTERIOR","type":"NORMAL","displayXPadding":0.0,"displayYPadding":0.0,"displayColorCjk":"","displayColor":"","displayMaxLineHeight":0.0,"displayCjkSizeRatio":0.0,"displayOptions":[],"displayPadZeros":0.0,"displayType":"DESTINATION","displayDefaultText":"","doorXMultiplier":0.0,"doorZMultiplier":0.0,"doorAnimationType":"PLUG_FAST"},{"names":["interior_end_pid"],"positionDefinitions":["3f986c2b"],"condition":"NORMAL","renderStage":"INTERIOR","type":"NORMAL","displayXPadding":0.0,"displayYPadding":0.0,"displayColorCjk":"","displayColor":"","displayMaxLineHeight":0.0,"displayCjkSizeRatio":0.0,"displayOptions":[],"displayPadZeros":0.0,"displayType":"DESTINATION","displayDefaultText":"","doorXMultiplier":0.0,"doorZMultiplier":0.0,"doorAnimationType":"PLUG_FAST"},{"names":["door_lights_off"],"positionDefinitions":["4d6edf9"],"condition":"DOORS_CLOSED","renderStage":"EXTERIOR","type":"NORMAL","displayXPadding":0.0,"displayYPadding":0.0,"displayColorCjk":"","displayColor":"","displayMaxLineHeight":0.0,"displayCjkSizeRatio":0.0,"displayOptions":[],"displayPadZeros":0.0,"displayType":"DESTINATION","displayDefaultText":"","doorXMultiplier":0.0,"doorZMultiplier":0.0,"doorAnimationType":"PLUG_FAST"},{"names":["door_lights_on"],"positionDefinitions":["2239e4a4"],"condition":"DOORS_OPENED","renderStage":"LIGHT","type":"NORMAL","displayXPadding":0.0,"displayYPadding":0.0,"displayColorCjk":"","displayColor":"","displayMaxLineHeight":0.0,"displayCjkSizeRatio":0.0,"displayOptions":[],"displayPadZeros":0.0,"displayType":"DESTINATION","displayDefaultText":"","doorXMultiplier":0.0,"doorZMultiplier":0.0,"doorAnimationType":"PLUG_FAST"},{"names":["headlights"],"positionDefinitions":["9e00b8c6"],"condition":"ON_ROUTE_FORWARDS","renderStage":"LIGHT","type":"NORMAL","displayXPadding":0.0,"displayYPadding":0.0,"displayColorCjk":"","displayColor":"","displayMaxLineHeight":0.0,"displayCjkSizeRatio":0.0,"displayOptions":[],"displayPadZeros":0.0,"displayType":"DESTINATION","displayDefaultText":"","doorXMultiplier":0.0,"doorZMultiplier":0.0,"doorAnimationType":"PLUG_FAST"},{"names":["tail_lights"],"positionDefinitions":["6d9a8977"],"condition":"ON_ROUTE_BACKWARDS","renderStage":"LIGHT","type":"NORMAL","displayXPadding":0.0,"displayYPadding":0.0,"displayColorCjk":"","displayColor":"","displayMaxLineHeight":0.0,"displayCjkSizeRatio":0.0,"displayOptions":[],"displayPadZeros":0.0,"displayType":"DESTINATION","displayDefaultText":"","doorXMultiplier":0.0,"doorZMultiplier":0.0,"doorAnimationType":"PLUG_FAST"},{"names":["interior_window_lights"],"positionDefinitions":["902143a6"],"condition":"NORMAL","renderStage":"LIGHT","type":"NORMAL","displayXPadding":0.0,"displayYPadding":0.0,"displayColorCjk":"","displayColor":"","displayMaxLineHeight":0.0,"displayCjkSizeRatio":0.0,"displayOptions":[],"displayPadZeros":0.0,"displayType":"DESTINATION","displayDefaultText":"","doorXMultiplier":0.0,"doorZMultiplier":0.0,"doorAnimationType":"PLUG_FAST"},{"names":["interior_door_lights"],"positionDefinitions":["499b31da"],"condition":"NORMAL","renderStage":"LIGHT","type":"NORMAL","displayXPadding":0.0,"displayYPadding":0.0,"displayColorCjk":"","displayColor":"","displayMaxLineHeight":0.0,"displayCjkSizeRatio":0.0,"displayOptions":[],"displayPadZeros":0.0,"displayType":"DESTINATION","displayDefaultText":"","doorXMultiplier":0.0,"doorZMultiplier":0.0,"doorAnimationType":"PLUG_FAST"},{"names":["interior_door_translucent"],"positionDefinitions":["a60f88b3"],"condition":"NORMAL","renderStage":"INTERIOR_TRANSLUCENT","type":"NORMAL","displayXPadding":0.0,"displayYPadding":0.0,"displayColorCjk":"","displayColor":"","displayMaxLineHeight":0.0,"displayCjkSizeRatio":0.0,"displayOptions":[],"displayPadZeros":0.0,"displayType":"DESTINATION","displayDefaultText":"","doorXMultiplier":0.0,"doorZMultiplier":0.0,"doorAnimationType":"PLUG_FAST"},{"names":["interior_end_lights"],"positionDefinitions":["28985c0a"],"condition":"NORMAL","renderStage":"LIGHT","type":"NORMAL","displayXPadding":0.0,"displayYPadding":0.0,"displayColorCjk":"","displayColor":"","displayMaxLineHeight":0.0,"displayCjkSizeRatio":0.0,"displayOptions":[],"displayPadZeros":0.0,"displayType":"DESTINATION","displayDefaultText":"","doorXMultiplier":0.0,"doorZMultiplier":0.0,"doorAnimationType":"PLUG_FAST"},{"names":["seat_right"],"positionDefinitions":["9e360bcc"],"condition":"NORMAL","renderStage":"INTERIOR","type":"NORMAL","displayXPadding":0.0,"displayYPadding":0.0,"displayColorCjk":"","displayColor":"","displayMaxLineHeight":0.0,"displayCjkSizeRatio":0.0,"displayOptions":[],"displayPadZeros":0.0,"displayType":"DESTINATION","displayDefaultText":"","doorXMultiplier":0.0,"doorZMultiplier":0.0,"doorAnimationType":"PLUG_FAST"},{"names":["seat_left"],"positionDefinitions":["ad119333"],"condition":"NORMAL","renderStage":"INTERIOR","type":"NORMAL","displayXPadding":0.0,"displayYPadding":0.0,"displayColorCjk":"","displayColor":"","displayMaxLineHeight":0.0,"displayCjkSizeRatio":0.0,"displayOptions":[],"displayPadZeros":0.0,"displayType":"DESTINATION","displayDefaultText":"","doorXMultiplier":0.0,"doorZMultiplier":0.0,"doorAnimationType":"PLUG_FAST"},{"names":["seat_right"],"positionDefinitions":["7869ad35"],"condition":"NORMAL","renderStage":"INTERIOR","type":"NORMAL","displayXPadding":0.0,"displayYPadding":0.0,"displayColorCjk":"","displayColor":"","displayMaxLineHeight":0.0,"displayCjkSizeRatio":0.0,"displayOptions":[],"displayPadZeros":0.0,"displayType":"DESTINATION","displayDefaultText":"","doorXMultiplier":0.0,"doorZMultiplier":0.0,"doorAnimationType":"PLUG_FAST"},{"names":["seat_left"],"positionDefinitions":["6eae0aba"],"condition":"NORMAL","renderStage":"INTERIOR","type":"NORMAL","displayXPadding":0.0,"displayYPadding":0.0,"displayColorCjk":"","displayColor":"","displayMaxLineHeight":0.0,"displayCjkSizeRatio":0.0,"displayOptions":[],"displayPadZeros":0.0,"displayType":"DESTINATION","displayDefaultText":"","doorXMultiplier":0.0,"doorZMultiplier":0.0,"doorAnimationType":"PLUG_FAST"},{"names":["seat_right"],"positionDefinitions":["5c0eb4fa"],"condition":"NORMAL","renderStage":"INTERIOR","type":"NORMAL","displayXPadding":0.0,"displayYPadding":0.0,"displayColorCjk":"","displayColor":"","displayMaxLineHeight":0.0,"displayCjkSizeRatio":0.0,"displayOptions":[],"displayPadZeros":0.0,"displayType":"DESTINATION","displayDefaultText":"","doorXMultiplier":0.0,"doorZMultiplier":0.0,"doorAnimationType":"PLUG_FAST"},{"names":["seat_left"],"positionDefinitions":["85f8eb36"],"condition":"NORMAL","renderStage":"INTERIOR","type":"NORMAL","displayXPadding":0.0,"displayYPadding":0.0,"displayColorCjk":"","displayColor":"","displayMaxLineHeight":0.0,"displayCjkSizeRatio":0.0,"displayOptions":[],"displayPadZeros":0.0,"displayType":"DESTINATION","displayDefaultText":"","doorXMultiplier":0.0,"doorZMultiplier":0.0,"doorAnimationType":"PLUG_FAST"},{"names":["seat_left"],"positionDefinitions":["5470d9fa"],"condition":"NORMAL","renderStage":"INTERIOR","type":"NORMAL","displayXPadding":0.0,"displayYPadding":0.0,"displayColorCjk":"","displayColor":"","displayMaxLineHeight":0.0,"displayCjkSizeRatio":0.0,"displayOptions":[],"displayPadZeros":0.0,"displayType":"DESTINATION","displayDefaultText":"","doorXMultiplier":0.0,"doorZMultiplier":0.0,"doorAnimationType":"PLUG_FAST"},{"names":["seat_right"],"positionDefinitions":["6c93b237"],"condition":"NORMAL","renderStage":"INTERIOR","type":"NORMAL","displayXPadding":0.0,"displayYPadding":0.0,"displayColorCjk":"","displayColor":"","displayMaxLineHeight":0.0,"displayCjkSizeRatio":0.0,"displayOptions":[],"displayPadZeros":0.0,"displayType":"DESTINATION","displayDefaultText":"","doorXMultiplier":0.0,"doorZMultiplier":0.0,"doorAnimationType":"PLUG_FAST"},{"names":["seat_right"],"positionDefinitions":["5079e641"],"condition":"NORMAL","renderStage":"INTERIOR","type":"NORMAL","displayXPadding":0.0,"displayYPadding":0.0,"displayColorCjk":"","displayColor":"","displayMaxLineHeight":0.0,"displayCjkSizeRatio":0.0,"displayOptions":[],"displayPadZeros":0.0,"displayType":"DESTINATION","displayDefaultText":"","doorXMultiplier":0.0,"doorZMultiplier":0.0,"doorAnimationType":"PLUG_FAST"},{"names":["seat_right"],"positionDefinitions":["71b51260"],"condition":"NORMAL","renderStage":"INTERIOR","type":"NORMAL","displayXPadding":0.0,"displayYPadding":0.0,"displayColorCjk":"","displayColor":"","displayMaxLineHeight":0.0,"displayCjkSizeRatio":0.0,"displayOptions":[],"displayPadZeros":0.0,"displayType":"DESTINATION","displayDefaultText":"","doorXMultiplier":0.0,"doorZMultiplier":0.0,"doorAnimationType":"PLUG_FAST"},{"names":["pid_head"],"positionDefinitions":["d0fd159d"],"condition":"NORMAL","renderStage":"EXTERIOR","type":"DISPLAY","displayXPadding":0.0,"displayYPadding":0.0,"displayColorCjk":"13A300","displayColor":"13A300","displayMaxLineHeight":0.0,"displayCjkSizeRatio":0.0,"displayOptions":["CYCLE_LANGUAGES"],"displayPadZeros":0.0,"displayType":"DESTINATION","displayDefaultText":"","doorXMultiplier":0.0,"doorZMultiplier":0.0,"doorAnimationType":"PLUG_FAST"},{"names":["exterior_window_1"],"positionDefinitions":["2c595395"],"condition":"NORMAL","renderStage":"EXTERIOR","type":"NORMAL","displayXPadding":0.0,"displayYPadding":0.0,"displayColorCjk":"","displayColor":"","displayMaxLineHeight":0.0,"displayCjkSizeRatio":0.0,"displayOptions":[],"displayPadZeros":0.0,"displayType":"DESTINATION","displayDefaultText":"","doorXMultiplier":0.0,"doorZMultiplier":0.0,"doorAnimationType":"PLUG_FAST"},{"names":["exterior_window_2"],"positionDefinitions":["cc62e60a"],"condition":"NORMAL","renderStage":"EXTERIOR","type":"NORMAL","displayXPadding":0.0,"displayYPadding":0.0,"displayColorCjk":"","displayColor":"","displayMaxLineHeight":0.0,"displayCjkSizeRatio":0.0,"displayOptions":[],"displayPadZeros":0.0,"displayType":"DESTINATION","displayDefaultText":"","doorXMultiplier":0.0,"doorZMultiplier":0.0,"doorAnimationType":"PLUG_FAST"},{"names":["exterior_window_3"],"positionDefinitions":["9c45acc1"],"condition":"NORMAL","renderStage":"EXTERIOR","type":"NORMAL","displayXPadding":0.0,"displayYPadding":0.0,"displayColorCjk":"","displayColor":"","displayMaxLineHeight":0.0,"displayCjkSizeRatio":0.0,"displayOptions":[],"displayPadZeros":0.0,"displayType":"DESTINATION","displayDefaultText":"","doorXMultiplier":0.0,"doorZMultiplier":0.0,"doorAnimationType":"PLUG_FAST"},{"names":["exterior_window_4"],"positionDefinitions":["285714de"],"condition":"NORMAL","renderStage":"EXTERIOR","type":"NORMAL","displayXPadding":0.0,"displayYPadding":0.0,"displayColorCjk":"","displayColor":"","displayMaxLineHeight":0.0,"displayCjkSizeRatio":0.0,"displayOptions":[],"displayPadZeros":0.0,"displayType":"DESTINATION","displayDefaultText":"","doorXMultiplier":0.0,"doorZMultiplier":0.0,"doorAnimationType":"PLUG_FAST"},{"names":["exterior_window_end"],"positionDefinitions":["bd2b1cfa"],"condition":"NORMAL","renderStage":"EXTERIOR","type":"NORMAL","displayXPadding":0.0,"displayYPadding":0.0,"displayColorCjk":"","displayColor":"","displayMaxLineHeight":0.0,"displayCjkSizeRatio":0.0,"displayOptions":[],"displayPadZeros":0.0,"displayType":"DESTINATION","displayDefaultText":"","doorXMultiplier":0.0,"doorZMultiplier":0.0,"doorAnimationType":"PLUG_FAST"},{"names":["exterior_window_end"],"positionDefinitions":["df90cb94"],"condition":"NORMAL","renderStage":"EXTERIOR","type":"NORMAL","displayXPadding":0.0,"displayYPadding":0.0,"displayColorCjk":"","displayColor":"","displayMaxLineHeight":0.0,"displayCjkSizeRatio":0.0,"displayOptions":[],"displayPadZeros":0.0,"displayType":"DESTINATION","displayDefaultText":"","doorXMultiplier":0.0,"doorZMultiplier":0.0,"doorAnimationType":"PLUG_FAST"},{"names":["door_left_exterior"],"positionDefinitions":["e3b54f65"],"condition":"NORMAL","renderStage":"EXTERIOR","type":"NORMAL","displayXPadding":0.0,"displayYPadding":0.0,"displayColorCjk":"","displayColor":"","displayMaxLineHeight":0.0,"displayCjkSizeRatio":0.0,"displayOptions":[],"displayPadZeros":0.0,"displayType":"DESTINATION","displayDefaultText":"","doorXMultiplier":1.0,"doorZMultiplier":-10.0,"doorAnimationType":"PLUG_FAST"},{"names":["door_left_exterior"],"positionDefinitions":["f412db02"],"condition":"NORMAL","renderStage":"EXTERIOR","type":"NORMAL","displayXPadding":0.0,"displayYPadding":0.0,"displayColorCjk":"","displayColor":"","displayMaxLineHeight":0.0,"displayCjkSizeRatio":0.0,"displayOptions":[],"displayPadZeros":0.0,"displayType":"DESTINATION","displayDefaultText":"","doorXMultiplier":1.0,"doorZMultiplier":-10.0,"doorAnimationType":"PLUG_FAST"},{"names":["door_right_exterior"],"positionDefinitions":["9b626ced"],"condition":"NORMAL","renderStage":"EXTERIOR","type":"NORMAL","displayXPadding":0.0,"displayYPadding":0.0,"displayColorCjk":"","displayColor":"","displayMaxLineHeight":0.0,"displayCjkSizeRatio":0.0,"displayOptions":[],"displayPadZeros":0.0,"displayType":"DESTINATION","displayDefaultText":"","doorXMultiplier":1.0,"doorZMultiplier":10.0,"doorAnimationType":"PLUG_FAST"},{"names":["door_right_exterior"],"positionDefinitions":["f187b652"],"condition":"NORMAL","renderStage":"EXTERIOR","type":"NORMAL","displayXPadding":0.0,"displayYPadding":0.0,"displayColorCjk":"","displayColor":"","displayMaxLineHeight":0.0,"displayCjkSizeRatio":0.0,"displayOptions":[],"displayPadZeros":0.0,"displayType":"DESTINATION","displayDefaultText":"","doorXMultiplier":1.0,"doorZMultiplier":10.0,"doorAnimationType":"PLUG_FAST"},{"names":["exterior_window_pid"],"positionDefinitions":["7ef33ad"],"condition":"NORMAL","renderStage":"EXTERIOR","type":"NORMAL","displayXPadding":0.0,"displayYPadding":0.0,"displayColorCjk":"","displayColor":"","displayMaxLineHeight":0.0,"displayCjkSizeRatio":0.0,"displayOptions":[],"displayPadZeros":0.0,"displayType":"DESTINATION","displayDefaultText":"","doorXMultiplier":0.0,"doorZMultiplier":0.0,"doorAnimationType":"PLUG_FAST"},{"names":["pid_left"],"positionDefinitions":["351aeb67"],"condition":"NORMAL","renderStage":"EXTERIOR","type":"DISPLAY","displayXPadding":0.0,"displayYPadding":0.0,"displayColorCjk":"FF00","displayColor":"FF00","displayMaxLineHeight":0.0,"displayCjkSizeRatio":0.0,"displayOptions":["CYCLE_LANGUAGES"],"displayPadZeros":0.0,"displayType":"DESTINATION","displayDefaultText":"","doorXMultiplier":0.0,"doorZMultiplier":0.0,"doorAnimationType":"PLUG_FAST"},{"names":["pid_right"],"positionDefinitions":["fdaddd41"],"condition":"NORMAL","renderStage":"EXTERIOR","type":"DISPLAY","displayXPadding":0.0,"displayYPadding":0.0,"displayColorCjk":"FF00","displayColor":"FF00","displayMaxLineHeight":0.0,"displayCjkSizeRatio":0.0,"displayOptions":["CYCLE_LANGUAGES"],"displayPadZeros":0.0,"displayType":"DESTINATION","displayDefaultText":"","doorXMultiplier":0.0,"doorZMultiplier":0.0,"doorAnimationType":"PLUG_FAST"},{"names":["pid_midcar1"],"positionDefinitions":["df8460a8"],"condition":"NORMAL","renderStage":"EXTERIOR","type":"DISPLAY","displayXPadding":0.0,"displayYPadding":0.0,"displayColorCjk":"FF9900","displayColor":"FF00","displayMaxLineHeight":0.0,"displayCjkSizeRatio":0.0,"displayOptions":["SCROLL_NORMAL","SINGLE_LINE"],"displayPadZeros":0.0,"displayType":"NEXT_STATION_UK","displayDefaultText":"","doorXMultiplier":0.0,"doorZMultiplier":0.0,"doorAnimationType":"PLUG_FAST"},{"names":["pid_midcar1"],"positionDefinitions":["d4661c4c"],"condition":"NORMAL","renderStage":"EXTERIOR","type":"DISPLAY","displayXPadding":0.0,"displayYPadding":0.0,"displayColorCjk":"FF9900","displayColor":"FF00","displayMaxLineHeight":0.0,"displayCjkSizeRatio":0.0,"displayOptions":["SCROLL_NORMAL","SINGLE_LINE"],"displayPadZeros":0.0,"displayType":"NEXT_STATION_UK","displayDefaultText":"","doorXMultiplier":0.0,"doorZMultiplier":0.0,"doorAnimationType":"PLUG_FAST"},{"names":["pid_end"],"positionDefinitions":["dba600b2"],"condition":"NORMAL","renderStage":"EXTERIOR","type":"DISPLAY","displayXPadding":0.0,"displayYPadding":0.0,"displayColorCjk":"FF00","displayColor":"FF00","displayMaxLineHeight":0.0,"displayCjkSizeRatio":0.0,"displayOptions":["SCROLL_NORMAL","SINGLE_LINE"],"displayPadZeros":0.0,"displayType":"NEXT_STATION_UK","displayDefaultText":"","doorXMultiplier":0.0,"doorZMultiplier":0.0,"doorAnimationType":"PLUG_FAST"},{"names":["seat_right"],"positionDefinitions":["bbc89036"],"condition":"NORMAL","renderStage":"INTERIOR","type":"NORMAL","displayXPadding":0.0,"displayYPadding":0.0,"displayColorCjk":"","displayColor":"","displayMaxLineHeight":0.0,"displayCjkSizeRatio":0.0,"displayOptions":[],"displayPadZeros":0.0,"displayType":"DESTINATION","displayDefaultText":"","doorXMultiplier":0.0,"doorZMultiplier":0.0,"doorAnimationType":"PLUG_FAST"},{"names":["pid_int_dest"],"positionDefinitions":["38070ef7"],"condition":"NORMAL","renderStage":"EXTERIOR","type":"DISPLAY","displayXPadding":0.0,"displayYPadding":0.0,"displayColorCjk":"1","displayColor":"1","displayMaxLineHeight":0.0,"displayCjkSizeRatio":0.0,"displayOptions":["SINGLE_LINE"],"displayPadZeros":0.0,"displayType":"DESTINATION","displayDefaultText":"","doorXMultiplier":0.0,"doorZMultiplier":0.0,"doorAnimationType":"PLUG_FAST"},{"names":["pid_int_ns"],"positionDefinitions":["7d36a0e2"],"condition":"NORMAL","renderStage":"EXTERIOR","type":"DISPLAY","displayXPadding":0.0,"displayYPadding":0.0,"displayColorCjk":"1","displayColor":"1","displayMaxLineHeight":0.0,"displayCjkSizeRatio":0.0,"displayOptions":[],"displayPadZeros":0.0,"displayType":"NEXT_STATION_MTR","displayDefaultText":"","doorXMultiplier":0.0,"doorZMultiplier":0.0,"doorAnimationType":"PLUG_FAST"},{"names":["interior_window_lights"],"positionDefinitions":["ff42d688"],"condition":"NORMAL","renderStage":"LIGHT","type":"NORMAL","displayXPadding":0.0,"displayYPadding":0.0,"displayColorCjk":"","displayColor":"","displayMaxLineHeight":0.0,"displayCjkSizeRatio":0.0,"displayOptions":[],"displayPadZeros":0.0,"displayType":"DESTINATION","displayDefaultText":"","doorXMultiplier":0.0,"doorZMultiplier":0.0,"doorAnimationType":"PLUG_FAST"},{"names":["door_floor"],"positionDefinitions":["a13b0738"],"condition":"NORMAL","renderStage":"EXTERIOR","type":"FLOOR","displayXPadding":0.0,"displayYPadding":0.0,"displayColorCjk":"FF9900","displayColor":"FF9900","displayMaxLineHeight":1.5,"displayCjkSizeRatio":2.0,"displayOptions":[],"displayPadZeros":0.0,"displayType":"DESTINATION","displayDefaultText":"Not In Service","doorXMultiplier":0.0,"doorZMultiplier":0.0,"doorAnimationType":"STANDARD"},{"names":["end_floor"],"positionDefinitions":["9641b342"],"condition":"NORMAL","renderStage":"EXTERIOR","type":"FLOOR","displayXPadding":0.0,"displayYPadding":0.0,"displayColorCjk":"FF9900","displayColor":"FF9900","displayMaxLineHeight":1.5,"displayCjkSizeRatio":2.0,"displayOptions":[],"displayPadZeros":0.0,"displayType":"DESTINATION","displayDefaultText":"Not In Service","doorXMultiplier":0.0,"doorZMultiplier":0.0,"doorAnimationType":"STANDARD"},{"names":["end_seat_notoilet"],"positionDefinitions":["c756a2b9"],"condition":"NORMAL","renderStage":"EXTERIOR","type":"SEAT","displayXPadding":0.0,"displayYPadding":0.0,"displayColorCjk":"FF9900","displayColor":"FF9900","displayMaxLineHeight":1.5,"displayCjkSizeRatio":2.0,"displayOptions":[],"displayPadZeros":0.0,"displayType":"DESTINATION","displayDefaultText":"Not In Service","doorXMultiplier":0.0,"doorZMultiplier":0.0,"doorAnimationType":"STANDARD"},{"names":["head_floor"],"positionDefinitions":["a7adf23f"],"condition":"NORMAL","renderStage":"EXTERIOR","type":"FLOOR","displayXPadding":0.0,"displayYPadding":0.0,"displayColorCjk":"FF9900","displayColor":"FF9900","displayMaxLineHeight":1.5,"displayCjkSizeRatio":2.0,"displayOptions":[],"displayPadZeros":0.0,"displayType":"DESTINATION","displayDefaultText":"Not In Service","doorXMultiplier":0.0,"doorZMultiplier":0.0,"doorAnimationType":"STANDARD"},{"names":["head_seat"],"positionDefinitions":["6cdd9c95"],"condition":"NORMAL","renderStage":"EXTERIOR","type":"SEAT","displayXPadding":0.0,"displayYPadding":0.0,"displayColorCjk":"FF9900","displayColor":"FF9900","displayMaxLineHeight":1.5,"displayCjkSizeRatio":2.0,"displayOptions":[],"displayPadZeros":0.0,"displayType":"DESTINATION","displayDefaultText":"Not In Service","doorXMultiplier":0.0,"doorZMultiplier":0.0,"doorAnimationType":"STANDARD"},{"names":["window_floor"],"positionDefinitions":["24d08c54"],"condition":"NORMAL","renderStage":"EXTERIOR","type":"FLOOR","displayXPadding":0.0,"displayYPadding":0.0,"displayColorCjk":"FF9900","displayColor":"FF9900","displayMaxLineHeight":1.5,"displayCjkSizeRatio":2.0,"displayOptions":[],"displayPadZeros":0.0,"displayType":"DESTINATION","displayDefaultText":"Not In Service","doorXMultiplier":0.0,"doorZMultiplier":0.0,"doorAnimationType":"STANDARD"},{"names":["window_seat"],"positionDefinitions":["e492eca6"],"condition":"NORMAL","renderStage":"EXTERIOR","type":"SEAT","displayXPadding":0.0,"displayYPadding":0.0,"displayColorCjk":"FF9900","displayColor":"FF9900","displayMaxLineHeight":1.5,"displayCjkSizeRatio":2.0,"displayOptions":[],"displayPadZeros":0.0,"displayType":"DESTINATION","displayDefaultText":"Not In Service","doorXMultiplier":0.0,"doorZMultiplier":0.0,"doorAnimationType":"STANDARD"},{"names":["doorway"],"positionDefinitions":["165ebf69"],"condition":"NORMAL","renderStage":"EXTERIOR","type":"DOORWAY","displayXPadding":0.0,"displayYPadding":0.0,"displayColorCjk":"FF9900","displayColor":"FF9900","displayMaxLineHeight":1.5,"displayCjkSizeRatio":2.0,"displayOptions":[],"displayPadZeros":0.0,"displayType":"DESTINATION","displayDefaultText":"Not In Service","doorXMultiplier":0.0,"doorZMultiplier":0.0,"doorAnimationType":"STANDARD"}],"modelYOffset":1.0,"gangwayInnerSideResource":"mtr:class350/350_connector_side.png","gangwayInnerTopResource":"mtr:class350/350_connector_roof.png","gangwayInnerBottomResource":"mtr:class350/350_connector_floor.png","gangwayOuterSideResource":"mtr:class350/350_connector_exterior.png","gangwayOuterTopResource":"mtr:class350/350_connector_exterior.png","gangwayOuterBottomResource":"mtr:class350/350_connector_exterior.png","gangwayWidth":0.8,"gangwayHeight":1.9,"gangwayYOffset":1.19,"gangwayZOffset":0.5,"barrierInnerSideResource":"","barrierInnerTopResource":"","barrierInnerBottomResource":"","barrierOuterSideResource":"","barrierOuterTopResource":"","barrierOuterBottomResource":"","barrierWidth":2.25,"barrierHeight":1.0,"barrierYOffset":1.25,"barrierZOffset":0.25}